:020000040000FA
:10000000E8192020D5000000D9000000DB00000026
:1000100000000000000000000000000000000000E0
:10002000000000000000000000000000DD000000F3
:100030000000000000000000DF000000153D00008F
:10004000E30000008D1E0000F93E0000E300000008
:10005000E3000000E3000000E3000000E300000014
:1000600000000000E3000000E300000000000000CA
:1000700000000000E3000000E3000000A5420000D3
:10008000613D0000C53D0000E3000000253D00008B
:10009000953E0000E30000000000000000000000AA
:1000A000E3000000E300000000000000000000008A
:1000B000E300000000000000E3000000E300000097
:1000C0000348854600F088FD00480047ED5D0000CC
:1000D000E819202003480047FEE7FEE7FEE7FEE7B9
:1000E000FEE7FEE7C1000000F8B500242546002920
:1000F00004DA0E46012400214042B141002B04DA0B
:100100001E46002352420125B34100F003FC8C46F9
:1001100017461E46AC4203D0002540428D41AC46F6
:10012000002C02D0002657429E4161463A46334693
:1001300001B0F0BD30B5434351435C18010C130CC2
:100140000D465D432C1980B292B20546554351438A
:100150000A0C09044D1962415843010C000440196E
:10016000514130BD002800DA4042704703460B433E
:100170009B0703D009E008C9121F08C0042AFAD25D
:1001800003E00B780370401C491C521EF9D27047E3
:1001900030B504460020034600E05B1C934203D2C6
:1001A000E05CCD5C401BF8D030BDF8B502464A405B
:1001B000D40F42004B0052085B089A4202D202461A
:1001C000084611464A0023D0C30D4A00DDB2120E84
:1001D000AD1A202D35DA49020126490AF6058A1999
:1001E000002C00D0524220214F1B1146B9402A4119
:1001F0001018C20D9A4221D0002C17D0012D08DC16
:10020000DA05801AD20F8019D207DBB200F0EEFBBC
:10021000F8BDDA05801A012340001B06C0188018BB
:100220005A428018CA0F1043490007E04908C20724
:100230001143DA05801A80194008801800F0CEFBBF
:10024000F8BD61000122511A001BF7E70122D20715
:100250005140AAE70122D2075040A6E7024670B5F6
:100260004A40D30FDB0740002DD04A002AD0010EB0
:10027000140E000212020919400A520A8418E501FC
:1002800004465443000A120A2E045043A41942198A
:10029000200CC543AA18120C0125AD03521C52199B
:1002A00012047F39240400D0521C104301D44000B2
:1002B000491EC2B20C06C0092018401C4008802A02
:1002C00002D003E0002070BD40084000002900DAA1
:1002D0000020184370BD70B502464A40D50F40005B
:1002E0004A00ED0740085208002814D0002A12D016
:1002F000C40DD30D41020120C0055202490A520A21
:10030000E41A091812187D34914201D3641C00E0EC
:100310004900002C01DA002070BD0023914201D376
:10032000891A0343400849000028F7D100290AD060
:10033000914202D10121C90705E0914201D2012178
:1003400001E00121C943E005C018401900F046FB57
:1003500070BD0000F0B507460846584087B0C00F92
:10036000049048000E46590040084908BC1A8841CC
:1003700005D2384631461E4617460B4602465800FF
:10038000400810434CD0300D039040055900400DFB
:10039000490D0590401A0290402872DA1803012195
:1003A000000B09050843019004980092002805D02D
:1003B0000199524200208841009201900298402108
:1003C0000A1A0199009800F0D5FA05460C466B46CA
:1003D00007CB00F0F0FAC0197141039A0E0D00230B
:1003E000D71756401A467A40164344D0049A002A3A
:1003F0002DD0029A012A039A15DC1205C01A9141E8
:1004000001263605001C7141D20F059ED2070093CC
:10041000019202962A46234600F02EFB07B0F0BD5B
:1004200038463146FAE71605224A0F46B218C01A76
:10043000B74101210905001C4F4100187F411146B9
:1004400018187941E20F10436D19644113E0E20777
:100450006D0815436408C2071443039A0126120568
:10046000C01A91413605001C7141CE074008304347
:100470004908C01851412A46234600F0F0FACDE75A
:10048000FFE7049801224000C117121A00238B4194
:1004900004983146C417381AA141EEE730B401245C
:1004A000E407634030BC55E730B40124E407614001
:1004B00030BC4FE70000E0FFF0B51FB488B00B99E7
:1004C0000998002448400999C00F4900490809913A
:1004D000C0070B990090490049080B9109990898A9
:1004E000A64608431CD00B990A98084318D00998CF
:1004F00001244000420D4800410D099824050003E5
:10050000000B204309900B980003000B20430B9035
:1005100050181C494018002201901446104605E06E
:10052000002001460DB0F0BD032801DA034600E0CB
:1005300003239C46C11A0AAE0AE05F0008ADED5BDA
:100540004F00F75B7D430027AA187C41491C5B1EC6
:100550006145F2DD410004AB5A522104120C0A43FA
:10056000240C401C0828DFDB01980290009970469B
:1005700001910090059B049A0799069800F07CFA77
:10058000D0E700000DFCFFFFF0B50C465C4085B0E5
:10059000E40FE40703944C000026640859009446D5
:1005A000490802460296224321D062460A431ED0E1
:1005B0006200570D4A000E032303550D0124024625
:1005C0002C492405781B1B0B360B4018234326436C
:1005D000614600901C46501AB44103D30098401C59
:1005E000009002E0921800985B41002803DA002096
:1005F000014605B0F0BD00200121090507468646E9
:1006000011E064461D46141BB54106D36546521BD6
:10061000B341744607430C43A646CD07400849083A
:10062000284392185B4105460D43EAD11046184312
:1006300013D06046194650407140084306D06046CA
:10064000101AB34106D20122002306E00022012342
:10065000DB0702E00122D2435310009874460105E3
:10066000381C6141029C039D0019694100F0F7F9B3
:10067000BFE70000FD0300000122D207002800DBD5
:10068000101A002900DB511A814201D8012070475D
:10069000002070470122D207002800DB101A002931
:1006A00000DB511A814201D20120704700207047BF
:1006B0000122D207002800DB101A002900DB511AA2
:1006C000814201D301207047002070470122D207E8
:1006D000002800DB101A002900DB511A814201D1E9
:1006E000012070470020704710B5002904DB0C463C
:1006F0000121C9074042A141002B04DB1C46012314
:10070000DB075242A341801A994101D3012010BD59
:10071000002010BD10B5002904DB0C460121C907DB
:100720004042A141002B04DB1C460123DB0752425F
:10073000A341101A8B4101D3012010BD002010BD30
:10074000C217C10F504010B54018CA0796230021A8
:1007500000F04CF910BD10B500229623114600F0B0
:1007600045F910BD0EB5C217C10F5040CA07401859
:100770000021054B0293019200910A460B4600F0BE
:100780007BF903B000BD0000330400000EB505493D
:100790000291002100910A460B46019100F06CF98C
:1007A00003B000BD33040000C20F4100400201232A
:1007B000400ADB05D207090EC0187F2901DA0020A4
:1007C0007047962903DC9623591AC84001E09639F0
:1007D0008840002AF4D040427047000070B5CD0F29
:1007E0004A0009030123090B1B0519430B4BED07B5
:1007F0000024520D9A4201DA002070BD074B3433B9
:100800009A4203DC9A1A00F0C5F802E00449511834
:1008100088402C43F1D0404270BD0000FF0300002F
:10082000CDFBFFFFC20FD207400040080BD0C10D27
:100830000723DB01C91840020905400A1143C20819
:10084000400711437047002001467047CB0FDB077C
:10085000490010B5490802460A4307D00A0D07248B
:100860000903E401090B121B002A01DC002010BD62
:10087000C900440F0C43C100E018D205801800F0F5
:10088000ADF810BD70B50446002903D00020202229
:10089000012310E0002801D00020C043C046C0461C
:1008A0000DE02546D5408D4205D30D469540641B8D
:1008B0001D46954040191546521E002DF1DC21467B
:1008C00070BD000070B5002504462E46002911D0E9
:1008D000002C01DA01254442002901DA01264942AF
:1008E0002046FFF7CFFFB54200D04042002D00D098
:1008F000494270BD002C02DA0121C90702E0002C38
:1009000000DD03490846C046C046214670BD0000D0
:10091000FFFFFF7FF0B51FB40646002082B00546FA
:100920004024019100901BE0019922460F46304679
:1009300000F030F8049A059B801A994110D31046B4
:100940001946224600F016F8361A8F4101972246C2
:1009500001200021009F00F00DF838184D41009053
:100960002046641E0028DFDC019B009829463246A1
:1009700007B0F0BD10B5202A04DB0146203A9140B3
:10098000002010BD914020239C1A0346E3401943E8
:10099000904010BD10B5202A04DB0846203AD04014
:1009A000002110BD0B46D340D0402024A21A914014
:1009B0000843194610BD10B5202A06DBCB170846A0
:1009C000203A1041C1170B4306E00B461341D040BB
:1009D0002024A21A91400843194610BD002904DAC8
:1009E000401C490001D140084000704770B4002409
:1009F000050C05D11024000402D1002921D01124B6
:100A0000050E01D100020834050F01D10001241D9B
:100A1000850F01D18000A41C002801DB4000641C6C
:100A2000002908D020252E1B0D46F540A14000D0FE
:100A300001212943084301061B1B000ADB1D02D5C7
:100A4000002070BC7047DB05181880180029F8DA00
:100A5000401C4900F5D170BC40084000704710B5FB
:100A6000002B08DA0024401C614192185B411A43B4
:100A700001D14008400010BDF0B51FB482B005465A
:100A80000C0003D0084608F007F902E008F004F96A
:100A900020300246009021462846FFF76BFF049B5A
:100AA000059A04460F4618431143084314D01846CC
:100AB00010431BD0009840210A1A18460599FFF7E9
:100AC00069FF05460E46009A05990498FFF752FF04
:100AD000084305D0012004E02046394607B0F0BDA8
:100AE0000020C11705430E432C43374300990E984D
:100AF0006305401A7905E40A00220C43FD0A0A3016
:100B000002D500200146E9E70105101969410C9C56
:100B10000D9D00196941FFF7A2FFDFE770B54B009B
:100B20005B0803430BD04B005C0D00263346654247
:100B3000B341D417AD1AA34102DB0020014670BDBA
:100B400012053018514170BD4A0009030123090BF9
:100B50001B0519430A4B10B5520D9A4202DA0020C8
:100B6000014610BD064B34339A4203DC9A1AFFF754
:100B700011FF10BD034BD218FFF7FCFE10BD0000A3
:100B8000FF030000CDFBFFFF10B5002904DB0124AB
:100B9000E40740428C412146002B04DB1C46012324
:100BA000DB075242A3418B4200D1824210BD0000BC
:100BB00010B5002904DB0124E40740428C412146A2
:100BC000002B04DB1C460123DB075242A341994260
:100BD00000D1904210BD0000064C0125064E05E0F4
:100BE000E36807CC2B430C3C98471034B442F7D34E
:100BF000FFF76AFA2CB500004CB50000FEB50023E3
:100C00001A461B1A8A4103DB0020014603B0F0BDDF
:100C10004A000D0301212D0B0905520D0D43D1078B
:100C200002D100186D41521E5110FF31FF310131C8
:100C3000002704463E4638460097019102460121AE
:100C400000200905FFF7A6FEC3197141F8183246C6
:100C500084468E464A4161462846611A904104D333
:100C60006046241A954176461F46241900986D4126
:100C7000401C00903428E1DDF91930467041091B11
:100C8000A84103D20022D243134601E000221346BA
:100C900001980105381C7141FFF7E1FEB6E710B578
:100CA00085B00092024600980B9C0A9C099C089C07
:100CB000079C049203AA1170029001930298019973
:100CC00008430799084308990843099908430A9972
:100CD00008430B990843049912789200891823223B
:100CE000D201885005B010BD81B00090009911204C
:100CF0000202885801239843885001B0704781B0A0
:100D0000009000991120020288580123184388504E
:100D100001B0704781B000900099112002028858FC
:100D200001231843885001B07047000081B0009043
:100D300000990120C202A048885001B07047C04607
:100D400084B0009101460098039102A908700398AD
:100D50000978890040182521C9014018019001989F
:100D60000249405880B204B07047C0460050550058
:100D700081B0009000984D218901405801B0704722
:100D800081B000900099024A0248885001B0704733
:100D900004080000030000B1B0B50A780323134033
:100DA0000B4A84580B4D2540EB18A92424061B1927
:100DB0008350072212064B68134011242402055960
:100DC0009543EA180251001949780161B0BDC04647
:100DD00008080000FCFFFF0080B582B00190009180
:100DE000019811210902401800990122120400F013
:100DF00022F802B080BD000081B0009000990A4A3C
:100E0000885801231B021843885001B07047C04620
:100E100081B000900099044A885801231B0298432E
:100E2000885001B07047C04604110000811E091FA0
:100E300000BFFCD2704784B00390029101920398E6
:100E400000680090009801998843009000980299EA
:100E5000019A114008430399086004B0704784B0B8
:100E60000390029101920398006800900098019904
:100E70008843009000980299019A11400843039911
:100E8000086004B0704784B0039002910192039807
:100E9000006800900098019988430090009802999A
:100EA000019A114008430399086004B0704700009C
:100EB00082B001900091009B0199DA4A885818434A
:100EC000885002B07047C04682B0019000910098EF
:100ED000019995225201885002B0704782B001906A
:100EE00000910098019995225201885002B07047F4
:100EF00082B001900091009801999522520188508A
:100F000002B0704782B0019000910098019995223B
:100F10005201885002B0704782B001900091009851
:100F2000019995225201885002B0704781B000901B
:100F300000988100734A885801235B061843885043
:100F400001B0704781B00090009881006D4A8858C8
:100F500001235B061843885001B0704782B00190AE
:100F60000091009B0199034A88581843885002B0A9
:100F70007047C0462810000082B001900091009890
:100F80000199074A885002B07047C04682B001906C
:100F9000009100980199024A885002B07047C046FB
:100FA000D012000081B0009000990120C202B9481F
:100FB000885001B07047C0460100002681B0009003
:100FC0000098812149014058C0B201B0704700002B
:100FD00010B584B0069C0390029101920093029890
:100FE0000199084300990843069908430E490843AC
:100FF00003998900434A885004B010BD10B584B0ED
:10100000069C039002910192009302980199084373
:101010000099084306990843034908430399890046
:10102000384A885004B010BD8100040081B000909F
:1010300000988100334A8120885001B07047C04633
:1010400081B00090009881002E4A8120885001B024
:101050007047C04681B0009000988100294A002066
:10106000885001B07047C04682B00190009100984E
:101070001D49084301998900224A885002B07047EF
:1010800010B584B0079C069C0390029101920093D6
:101090000298019908430099084306990843079963
:1010A00008431149084303998900164A885004B03F
:1010B00010BDC04610B584B0079C069C03900291F9
:1010C00001920093029801990843009908430699F8
:1010D0000843079908430449084303998900094ACA
:1010E000885004B010BDC0468000040082B001905A
:1010F000009100988021084301998900014A885095
:1011000002B070470480424082B001900091019883
:101110002721C90140580099084002B0704782B0A9
:101120000190009101982721C90140580099084079
:1011300002B0704782B00190009101982721C90147
:1011400040580099084002B0704782B00190009169
:1011500001982721C90140580099084002B0704702
:1011600082B00190009101982721C901405800994F
:10117000084002B07047000081B000900099844A96
:101180008448885001B0704782B001900091009B64
:101190000199034A88581843885002B07047C046E6
:1011A0009013000082B00190009100980199114ABB
:1011B000885002B07047C04682B0019000910098FC
:1011C00001990C4A885002B07047C04682B0019025
:1011D000009100980199074A885002B07047C046B4
:1011E00082B00190009100980199024A885002B0A3
:1011F0007047C0469012000082B001900091009BA1
:1012000001999D20420188581843885002B07047C8
:1012100082B00190009100980199024A885002B072
:101220007047C0464810000081B000900099092026
:101230004202885801231B021843885001B07047AE
:1012400081B000900099084A8858012318438850BB
:1012500001B0704781B000900099034A8858042378
:101260001843885001B070472812000081B00090E8
:1012700000990120C202AD48885001B07047C046B5
:1012800081B0009000990120C202A848885001B0A6
:101290007047C0460100002610B5002A0FD09123E8
:1012A0005B01C3180020DC692405240F05D00C5C09
:1012B0001C60401C8242F6D1104680B210BD002056
:1012C00080B210BD5D4A835880210B438350801843
:1012D0000F221202436813400122D2029342F7D137
:1012E00002688A430260704781B000900098064906
:1012F000405801B07047C04681B000900098024944
:10130000405801B07047C0461812000082B00190EA
:1013100000910198024940580099084002B0704776
:101320003010000082B00190019804494058022119
:10133000084000906846007802B070473412000000
:1013400081B000900098044940580F210840414264
:10135000484101B07047C0463C12000081B0009087
:10136000009802494058C0B201B070471C120000FA
:1013700081B000900099834A8348885001B070473B
:1013800081B0009000997F4A7F48885001B0704733
:1013900004080000030000B181B000900099504A99
:1013A0000020885001B0704780B584B0019101469B
:1013B0000198039102A9088003980922520280181B
:1013C000098803225202FFF736FD04B080BD70B5D4
:1013D0000A780C231A400124240305196E689E43E1
:1013E000B2186A604978072211400359934359188B
:1013F000015170BD80B584B00191014601980391FF
:1014000002A9088003980D4A801809880722120251
:10141000FFF711FD04B080BD80B584B00191014695
:101420000198039102A908700398044A801809786A
:101430000722FFF700FD04B080BDC046381200004F
:1014400082B001906846017000780199014A885085
:1014500002B070472412000010B586B00192024617
:1014600001980592049103AA107002A803800598C0
:10147000194940180499490012781143174AFFF797
:10148000EEFC05981649401802990904C91D154A31
:10149000FFF7E5FC06B010BD10B586B0019202461C
:1014A00001980592049103AA107002A80380059880
:1014B000094940180499490012781143074AFFF777
:1014C000E2FC05980649401802990904C91D054A1D
:1014D000FFF7D9FC06B010BD10120000FF07000096
:1014E000141200000700FF0F82B0019068460170DF
:1014F0000078019991225201885002B07047000093
:1015000081B000900099034A8858012318438850FD
:1015100001B070470411000081B0009000990120D3
:10152000C202D648885001B07047C046010000266C
:10153000B0B51122120283580C4C1C400B894D8807
:101540001D438B792B430A4D1D402B1983508B88EB
:10155000CC791C43097821435D239B0019408018F6
:1015600042689A4389184160B0BDC04680CCFFFFF5
:101570007F33000081B000900099024A02488850F1
:1015800001B0704704080000030000B180B582B0CC
:10159000019000910198AD4940180099024AFFF767
:1015A0004AFC02B080BDC046FF03000010B5012216
:1015B000120383180C785C604978815010BD0000DC
:1015C00080B584B000920A4601460098039102A9B2
:1015D0000A7001AA10700398044BC0180978127899
:1015E00011433F22FFF727FC04B080BD0C1100001F
:1015F000F0B584B001242202344B19680392914360
:1016000019608D490D686D04FCD5457E25409E69A5
:10161000A64374199C612024045D03252C40DE69D7
:10162000AE433419DC611F4C256805262660466AE6
:1016300037681F6276685E6207262E402660C4699E
:101640007F252D02DE69AE436406640C3419DC612B
:101650000768456882680092C6680269019242691B
:1016600002929A69104C14403A07120B2D03ADB246
:10167000AA183243009D2D072D0D1543019A1543DD
:10168000029A1543007E2843084A024010199861C7
:101690001868039A1043186008688005FCD504B0E8
:1016A000F0BDC046001340408D00F0FF72FF0F00F8
:1016B000064908680122904308607047034908689A
:1016C00001221202904308607047C04608010B4097
:1016D00081B00090009803490860034903480860FE
:1016E00001B0704700030B4004030B40010000E40D
:1016F00081B001466846017000780249086001B077
:101700007047C04608030B4080B582B0014601A86F
:10171000018001880F2002024648FFF78CFB02B0CF
:1017200080BDC04680B582B0014601A80170007836
:1017300001030F2002030248FFF77DFB02B080BDCA
:1017400038010B40F0B5124B1D46083D2E680124B0
:10175000A6432E600326360330401F68B74338186F
:1017600018601868FF26B043C9B24018186028688E
:101770002043286018682107002A06D00843186013
:101780002D480168C905FCD5F0BD88431860F0BD3F
:1017900010010B40B0B5FF2204320E490B68934391
:1017A0008278032414400278120212191A430A6044
:1017B000094A0A4B1360204C25686D05FCD540781A
:1017C000002803D00868102404430C60581C1060E3
:1017D000B0BDC04614010B4014030B400100009142
:1017E00080B582B0014601A8017001780248032249
:1017F000FFF721FB02B080BD00010B4080B582B035
:10180000014601A8017001780A483022FFF713FB56
:1018100002B080BD07498860074802689202FCD583
:10182000012212040B6813430B600168C906FCD542
:101830007047C04604010B4004020B4081B0009089
:101840000099024A0120885001B070470811000039
:1018500082B001900091009B0199DB4A885818439F
:10186000885002B07047C04681B0009000990120B6
:10187000C202DB48885001B07047C0460100002614
:1018800081B000900098812149014058C0B201B058
:1018900070470000F0B5BF4A82183B4BC318087967
:1018A0004E793A4D764C002E23D0202804D00526C0
:1018B000F601002803D003E0354E002800D1882629
:1018C000576F2F4037435767976F2F4037439767BE
:1018D000566B26405663966B2640966300265665E7
:1018E00096658F26F6435F6837405F609F68374094
:1018F0009F608E79096820280BD0002819D1491ED5
:101900005160D76E2F4088210F43D7661746703736
:1019100019E0491E5160D16E29401D4F3943D166EF
:10192000116F29403943116701214907194D1746A5
:1019300009E049085160D76E2F400521C9010F43C6
:10194000D766174670373C682C400C433C60D16A20
:101950004B4C2140D162116B214011630021D164B5
:1019600011658F21C943D46F0C40D4671C680C40AB
:101970001C600643BD2030401168074B0B40C01867
:10198000801C1060F0BDC0468418000024493E0051
:1019900001040000FFFFFFCF4000FFCFB0B54A6851
:1019A0006C4BC2507B4A80180A78222A58D8930080
:1019B00001A4E3589F46C046571A0000611A000070
:1019C000571A0000611A0000611A0000611A000035
:1019D000611A0000611A0000611A0000611A00001B
:1019E000611A0000611A0000611A0000611A00000B
:1019F000611A0000611A0000451A0000611A000017
:101A0000451A0000611A0000611A0000611A000006
:101A1000611A0000611A0000611A0000611A0000DA
:101A2000611A0000611A0000611A0000611A0000CA
:101A3000611A0000611A0000451A0000611A0000D6
:101A4000451A000003231B0704689C4301235B071E
:101A5000E318036004E003231B0704689C4304604D
:101A60000B69C360CB68054C1C40C36A044D1D4024
:101A70002B19C362097A11430160B0BD7777020068
:101A80008888FDFF81B0009000997B4A7B48885090
:101A900001B0704782B00190009100980199112225
:101AA0001202885002B0704710B507239B041940FA
:101AB00092008018024A84589C436118815010BDDE
:101AC0003018000010B5029CA400001911431943FE
:101AD000014A815010BDC046501800009200801885
:101AE000014A81507047C0461018000010B501220D
:101AF000120383180C789C604B7883508978014AD4
:101B0000815010BD0C11000010B586B001930B463A
:101B100001460198059104A90B8003AB1A8002AA23
:101B2000108005981B4C001909881B8819431288DE
:101B30001143024AFFF77FF906B010BD80FF000095
:101B400082B00190009100980199024A885002B039
:101B50007047C0460818000081B0009000990D4AF7
:101B6000885801231843885001B0704781B0009015
:101B70000099084A885801231843885001B07047DB
:101B800081B000900099034A8858012398438850F7
:101B900001B070470418000081B000900099112036
:101BA0000202885801231843885001B07047000092
:101BB00082B001900091009B0199034A8858184314
:101BC000885002B07047C0462810000081B00090D5
:101BD00000990120C2020248885001B07047C046F7
:101BE0000100002681B000900098812149014058F1
:101BF000C0B201B070470000B0B511221202835884
:101C00000124A34383500B888C781C438B88234387
:101C1000094C1C408358094D1D40631983508B7932
:101C2000CC791C43097A21437E23194080184268ED
:101C30009A4351184160B0BD18670000E798FDFF56
:101C400081B000900098374940580121084001B008
:101C50007047C04681B00090009802494058C0B219
:101C600001B070472411000081B000900099024A31
:101C70000248885001B0704704080000030000B11A
:101C800080B584B003900291019203980B494018EB
:101C900002990B4AFFF7CFF803980A4940180199B7
:101CA0003F22FFF7C8F80399074A8818895801228C
:101CB0001140FFF7C0F804B080BDC046101100000D
:101CC000FFFF0000141100000411000010B50122F4
:101CD000120383180C789C604978815010BD80B540
:101CE00082B00190009101981121090240180099D9
:101CF0000322D203FFF79FF802B080BD82B00190AB
:101D0000684601700078019989225201885002B01A
:101D100070470000034A801802681206FCD48161F3
:101D20007047C0460811000080B584B003A90020A8
:101D3000087002AB0193187068207521012203F02E
:101D4000C1FF494806F086FF01980078682804D052
:101D5000FFE70320FFF7BCFCFFE704F043FE002889
:101D600071D1FFE7782005F025FE002804D1FFE7B8
:101D70003D4806F06FFF03E003A901200870FFE76C
:101D8000782004F099FC002804D1FFE7374806F0DA
:101D900061FF03E003A901200870FFE7502005F070
:101DA00093FD002804D1FFE7314806F053FF03E01C
:101DB00003A901200870FFE702F062FE002804D1A9
:101DC000FFE72C4806F046FF03E003A90120087056
:101DD000FFE7294803F094FF03F0C6F8002804D178
:101DE000FFE7264806F036FF03E003A9012008704C
:101DF000FFE7FF20743002F0B3FC002804D1FFE7B6
:101E00001F4806F027FF03E003A901200870FFE741
:101E1000502002F0C1FF002804D1FFE7194806F066
:101E200019FF03E003A901200870FFE706F08FF80F
:101E3000012005F0D5FB002804D1FFE7124806F089
:101E400009FFFFE703E00320FFF742FCFFE703A8D9
:101E50000078002806D0FFE704F0FEFB0320FFF720
:101E600037FCFFE704B080BDE1B40000BCB4000063
:101E700028B40000D1B300003000202096B4000048
:101E800003B400004EB4000072B4000080B582B00C
:101E90004B48FFF793F817380190092859D8019853
:101EA000810001A040588746D11E0000D91E0000C5
:101EB0002F1F0000531F0000531F0000531F00007E
:101EC0000B1F0000531F0000531F0000031F0000E2
:101ED0004149012008703DE03D4801F013F93848C0
:101EE0000421FFF71CF9002805D0FFE739490868ED
:101EF000401C086004E037490868401E0860FFE79E
:101F000028E032490120087024E06A480421FFF7E4
:101F100006F9002805D0FFE72B490868401E086035
:101F200004E029490868401C0860FFE712E06148A6
:101F30000821FFF7F4F8002805D0FFE721490868D9
:101F4000401C086004E01F490868401E0860FFE765
:101F500000E0FFE75748FFF731F8014600910328FA
:101F600004D0FFE70098042813D025E001200107E2
:101F70001348FFF7D4F8002805D0FFE71249086896
:101F8000401C086004E010490868401E0860FFE734
:101F900013E0012001060A48FFF7C1F8002805D028
:101FA000FFE708490868401E086004E00549086822
:101FB000401C0860FFE700E0FFE702B080BDC046BC
:101FC00000000A4008092020C4072020040920201E
:101FD00004082020CC042020B204202080B584B046
:101FE00003900020009002A90870FFE702A8007883
:101FF00007285CDCFFE702A80078C007002806D1AC
:10200000FFE7012081042B48FFF7E0F805E00120FD
:1020100081042848FEF776FFFFE702A800788007D2
:10202000002806D4FFE70120C1042248FFF7CEF8BC
:1020300005E00120C1041F48FEF764FFFFE702A886
:1020400000784007002806D4FFE701200105194861
:10205000FFF7BCF805E0012001051648FEF752FF26
:10206000FFE701A900200870FFE701A80078072812
:102070000CDCFFE702F056FA014600984018009089
:10208000FFE70198401C01A90870EEE70098C0081E
:10209000039902AA13780722D21A5200885200200C
:1020A0000090FFE70298401C02A908709EE704B068
:1020B00080BDC04600200A4010B584B003AC20802B
:1020C000029101A802800093002004B010BD10B559
:1020D00084B003AC2080029101A80280009300200C
:1020E00004B010BD10B588B00191014601980A9C5A
:1020F00006AC218005A90880049203AA1380012060
:1021000002900698400809781278049BC0B205F046
:1021100093FD02900298002804D1FFE707A9002050
:10212000087003E007A901200870FFE707A80078FE
:1021300008B010BD10B588B00091014600980A9C07
:1021400006AC218005A90880049203AA138002AB83
:102150000193012018700698400809781278049BB2
:10216000C0B205F0F3FD0146019801700078002827
:1021700004D1FFE707A90020087003E007A90120A8
:102180000870FFE707A8007808B010BD80B582B0DE
:10219000014601A80180008802F064FA02B080BD07
:1021A00080B50548FFF7BEF8002803D1FFE704F02B
:1021B00053FAFFE780BDC04600000F40B0B586B0BF
:1021C00001931446019A0B46014605A8017004A923
:1021D0000B7003AB1C700292534A126814690078AA
:1021E00040000978029A1B78C8250095A04706B0E0
:1021F000B0BDC04610B588B00C46014607A80170B6
:1022000006A90C7005AC227004AA02921370464A0B
:1022100012681469007840000978C822009203AA65
:102220000123A04702980078002809D0FFE703A8FF
:10223000007805A90A78012191400843019008E03F
:1022400003A8007805A90A780121914088430190EC
:10225000FFE7019803AA107033480068C46807A814
:102260000078400006A90978C82300930123A047FD
:1022700008B010BDB0B58AB014460D4601460E9A9E
:1022800008A8017007A90D7006AD2C7005AC23706D
:1022900004AB1A70244A1268146900784000097867
:1022A000C822009203AA0123A047002833D1FFE7E8
:1022B00006A80578691CFF231A468A4005A90C78F0
:1022C000641BE41DE3401A4302AB1A700A7808212C
:1022D000891A049A8A4004A90A7002780720821A8F
:1022E0000878D040087002990398084003AA10703B
:1022F00004990398084310700B480068C46808A844
:102300000078400007A90978C82300930123A0475B
:1023100009A9087003E009A901200870FFE709A8CE
:1023200000780AB0B0BDC0464400202080B582B01D
:10233000019001994868C969FDF790FF00900098E5
:102340000199496AFEF798F9002804D1FFE701983E
:10235000406A009012E000980199496A0122D20770
:102360005140FEF7A5F9002807D1FFE70198406A20
:102370000121C90748400090FFE7FFE7009802B03D
:1023800080BD000080B582B0054B019368207521A7
:102390000122FFF713FF0198007802B080BDC0460C
:1023A0009E04202080B582B0FFF7ECFF682804D09F
:1023B000FFE70320FFF78CF9FFE7022000F012F897
:1023C000032000F02DF80020019000F01AF8019889
:1023D00000F04FF8019800F03FF8019800F02FF856
:1023E00002B080BD80B582B0014601A801700078BE
:1023F000009068206B2102220323FFF73BFF02B00D
:1024000080BD80B582B0014601A8017000780090BF
:1024100068201C2104220223FFF72CFF02B080BD9C
:1024200080B582B0014601A8017000780090682054
:102430001B2104220223FFF71DFF02B080BD80B5DF
:1024400082B0014601A8017003786820372101227B
:10245000FFF7D0FE02B080BD80B582B0014601A872
:102460000170037868206A210522FFF7C3FE02B0DD
:1024700080BD80B582B0014601A801700378682054
:102480006B210622FFF7B6FE02B080BDB0B59EB04C
:102490001D901D9800F0BEF81D990A46A032A02399
:1024A0000020C850584951601D9AA9230121D154D8
:1024B0000A90FFE70A98072800DD9EE00A9842008C
:1024C0005248805A5249895A884210DBFFE70A98DD
:1024D00040004F4A105A0BA908800A9843004B4904
:1024E000C85AD0520B980A9A52008852FFE70A98AD
:1024F000450047480990405B400044490891495BCA
:10250000401803210791FEF7BDF90799089A034681
:1025100009981D9C6419402563530A9B5C00005B6D
:10252000125B52008018FEF7ADF90899024609982F
:102530001D9B1B1950241A530A9A5300C95A1D9AFD
:10254000D21811860A994B00C15A1D9AD2181184CB
:102550000A994900405A002807D1FFE70A9841002C
:102560002A48405A002809D0FFE70A984200284824
:10257000805A2649895A884208D1FFE71D980A994E
:10258000C900411800204866086632E00A980490A5
:10259000410001911E48405AFEF7F8F802900846A3
:1025A000019903901948405AFEF7F0F80246029844
:1025B0000B460399FDF772FF03460498C4000CAA6A
:1025C0001019135141601D9806900146A031A023B7
:1025D000C05849680A9BDC000594131912595B68BE
:1025E000FDF7D2FF059B0A460699C9184A66086698
:1025F000FFE70A98401C0A905CE71D99AB22012076
:1026000088541EB0B0BDC0460000B040200020205D
:102610007400202083B00290029900200090C863CB
:102620008863486308630299C862886248620862E6
:102630000299C8618861486108610299C860886030
:10264000486008600190FFE7019807280CDCFFE76D
:1026500002980199C9004118002048660866FFE702
:102660000198401C0190EFE70299A82200208854AD
:102670000299A92288540299AA2288540299AB226D
:10268000885403B07047B0B584B003900398FFF747
:10269000A5FC039801464031024650320346A83358
:1026A00001F065FF0398014660310246303203466F
:1026B00010330546A035A02404596D680195009497
:1026C00005F0F0FB04B0B0BD82B069460020087090
:1026D000FFE76846007807281EDCFFE701A9002015
:1026E0000870FFE701A800787F280FDCFFE7684645
:1026F0000078C101AE48411801A802780020885432
:10270000FFE70198401C01A90870EBE7FFE700987C
:10271000401C69460870DCE702B0704710B586B00F
:1027200005AC208004A8018003A8027002A80370F1
:10273000049869460880FFE700226846805E04A985
:10274000895E02AA12788918884248DAFFE705985C
:1027500001A90880FFE7002201A8805E05A9895E23
:1027600003AA12788918884233DAFFE7002101A80A
:10277000405E002827D4FFE7002101A8405E7F28A3
:1027800021DCFFE700216846405E00281BD4FFE7FC
:1027900000216846405E3F2815DCFFE700226846BE
:1027A000815E480F081807240346A343C91A012372
:1027B0008B40C008C1017E48411801A8825E885C38
:1027C00098438854FFE7FFE70198401C01A908805F
:1027D000C1E7FFE70098401C69460880ACE706B0F7
:1027E00010BDC046704780B5FFF7FCFFAE2000F07B
:1027F000C7FBD52000F0C4FB802000F0C1FBA8205F
:1028000000F0BEFB3F2000F0BBFBD32000F0B8FB84
:10281000002000F0B5FB402000F0B2FBA12000F04A
:10282000AFFBC82000F0ACFBDA2000F0A9FB1220BF
:1028300000F0A6FB812000F0A3FBCF2000F0A0FB5E
:10284000D92000F09DFBF12000F09AFBDB2000F086
:1028500097FB302000F094FBA42000F091FBA62011
:1028600000F08EFB8D2000F08BFB142000F088FB25
:10287000AF2000F085FBFFF727FF00F0EFFA80BDE7
:1028800083B00290019101200090FFE70198411E62
:102890000191002805D0FFE7029800994843009075
:1028A000F4E7009803B0704710B5CAB049AC04947F
:1028B000208048A80190018047A8029002704693AA
:1028C0004CA805904699059A06A8039006F0D2F9FF
:1028D0000199029B039A04980024005F095F1B780A
:1028E00000F090FA4AB010BD10B586B005AC20805B
:1028F00004A8018003A8027002A803700498694626
:102900000880FFE700226846805E04A9895E02AA6B
:1029100012788918884248DAFFE7059801A90880EB
:10292000FFE7002201A8805E05A9895E03AA12784C
:102930008918884233DAFFE7002101A8405E0028A9
:1029400027D4FFE7002101A8405E7F2821DCFFE7B4
:1029500000216846405E00281BD4FFE7002168463E
:10296000405E3F2815DCFFE700226846815E480F85
:10297000081807240346A343C91A01238B40C00843
:10298000C101C748411801A8825E885C584088543C
:10299000FFE7FFE70198401C01A90880C1E7FFE7B6
:1029A0000098401C69460880ACE706B010BDC046E0
:1029B0008C00202080B584B0024603A8027002AAD1
:1029C000019211700078B021084300F0D9FA019803
:1029D00000780009103000F0D3FA019800780F2138
:1029E000084000F0CDFA04B080BDB0B58AB004460E
:1029F0000E9809AD2C8008AC2180079206A90B70B7
:102A000005A9087004A900200870FFE704A8007851
:102A100006A9097888422BDAFFE7099904A800780B
:102A200005AA01921278424389180391002208A94D
:102A3000895E02910799009106A90978C04341185F
:102A40000220FFF71DFF01460098FDF71BFF019BC9
:102A50000299024603980124224030321B7800B2CA
:102A600000F008F8FFE70498401C04A90870CDE7BF
:102A70000AB0B0BD10B586B005AC208004A80180B6
:102A800003A8027002A803700078082812D1FFE79B
:102A9000002205A8805E04A9895E03AA12781201AB
:102AA000124BD218124BD21800920822102300F0B9
:102AB00021F817E002A80078062812D1FFE70022CB
:102AC00005A8805E04A9895E03AA1478062213462D
:102AD0006343054C1B19C03B0093082300F00AF820
:102AE000FFE7FFE706B010BD289E000062A00000CF
:102AF00000FEFFFFB0B58AB01C4613460A460146E9
:102B00000E9809A8018008A90A8007AA137006ABCD
:102B10001C7005AD002401942C7004AD00952C7040
:102B2000005F095F12781B78FFF7F8FD00990198A4
:102B30000870FFE704A8007806A90978491E4A0F23
:102B40008918C910491C884200DBA6E005A90020AD
:102B50000870FFE705A8007807A90978884200DB1C
:102B600095E0002109A8405E05A9097840180028D1
:102B700000D586E0002109A8405E05A90978401823
:102B80007F287EDCFFE7002108A8425E530FD218A1
:102B9000D20803AB1A80425E530FD3180724A34315
:102BA000D21A02AB1A80405E002809D5FFE70398CD
:102BB000401E03A908800298083002A90880FFE798
:102BC000002103A8405E04A909784018002824D4F5
:102BD000FFE7002103A8405E04A9097840180728F0
:102BE0001BDCFFE70E9804A9097807AA13784B436A
:102BF00005AA12789B18C35C002402A8005F8340DA
:102C000003A8005F4018C101DC48411809A8005F13
:102C10008218885C18438854FFE7002103A8405EAF
:102C200004A909784018401C002829D4FFE7002196
:102C300003A8405E04A909784018401C07281FDC3F
:102C4000FFE70E9804A9097807AA13784B4305AA51
:102C500012789B18C35C002402A8055F0820401B63
:102C6000C34003A8005F4018C001C449401809A927
:102C7000095F891841188022885C18438854FFE74F
:102C8000FFE7FFE70598401C05A9087062E7FFE72A
:102C90000498401C04A908704CE70AB0B0BDC046B7
:102CA0008C002020B0B58CB0044610980BAD2C8061
:102CB0000AAC2180099208A90B7007A9087006A91F
:102CC00000200870FFE706A8007808A90978884264
:102CD0002EDAFFE70B9906A8007807AA039212786C
:102CE00042438918049100220AA9895E0591099935
:102CF000019108A90978C04341180A200290FFF702
:102D0000BFFD01460198FDF7BDFD0299FDF7BAFD33
:102D1000039B04980A460599302422431B7800B28D
:102D2000FFF7A8FEFFE70698401C06A90870CAE74F
:102D30000CB0B0BDB0B58CB0044610980BAD2C8073
:102D40000AAC2180099208A90B7007A9087009989C
:102D500000280DD4FFE700220BA8805E0AA9895E37
:102D600007AA13782B22FFF785FE099805900DE03E
:102D700000220BA8805E0AA9895E07AA13782D227B
:102D8000FFF778FE099840420590FFE706A900206A
:102D90000870FFE706A8007808A9097888422FDAAA
:102DA000FFE70B9906A80078431C07AA0292127845
:102DB0005A438918039100220AA9895E0491059952
:102DC000009108A90978C04341180A200190FFF733
:102DD00057FD01460098FDF755FD0199FDF752FD9D
:102DE000029B03980A460499302422431B7800B2C0
:102DF000FFF740FEFFE70698401C06A90870C9E7E8
:102E00000CB0B0BD10B586B005AC208004A8018020
:102E1000039202A8037001A900200870FFE703983D
:102E200001A90978405C002816D0FFE7059801A9A0
:102E30000C7802A90B78194661434018002204A9B6
:102E4000895E039A125D00B2FFF714FEFFE7019856
:102E5000401C01A90870E2E706B010BD80B582B041
:102E600001A900200870FFE701A80078072814DCFA
:102E7000FFE701A8009000780021FFF79BFD009874
:102E80000078C1013D484018802100F0ADF8FFE70F
:102E90000198401C01A90870E6E702B080BDC04659
:102EA00010B58AB002930B46029909AC208008A89D
:102EB000038007AB1A7006AB19700021425E540FF5
:102EC0001219D20804AC2280425E1B78D218521E1E
:102ED000530FD218D208521C03AB1A80405E002850
:102EE00009D5FFE70498401E04A908800398401EF6
:102EF00003A90880FFE7049805A90880FFE70022DE
:102F000005A8805E03A9895E884234DAFFE70021C4
:102F100009A8405E002828D4FFE7002109A8405EE8
:102F20007F2822DCFFE7002105A8405E00281CD492
:102F3000FFE7002105A8405E072816DCFFE705A88B
:102F40000090007809A901910978FFF733FD0098F6
:102F500001990022805EC3010848C018895E4018AC
:102F600007A9097800F040F8FFE7FFE70598401C43
:102F700005A90880C3E70AB010BDC0468C00202018
:102F800080B582B001A908706946002008700198D8
:102F9000487049480222FEF77FF9FFE74648FEF7EE
:102FA000A3F98006002801D4FFE7F7E742483C2157
:102FB00000220223FEF750FAFFE73F48FEF794F99C
:102FC000C007002801D0FFE7F7E7FFE73A48FEF720
:102FD0008BF98006002801D4FFE7F7E73648FEF7B3
:102FE00071F902B080BDC04680B58AB0099008A8CA
:102FF000017006A900200870FFE706A8007808A95C
:103000000978884255DAFFE708A8007806A9097808
:10301000401A082803DBFFE70720039006E008A812
:10302000007806A90978401A0390FFE7039807AAD9
:103030000292107004A8019040210170401C09996F
:1030400006AB1B78C9181278FDF790F80199029821
:103050000078421C1848FEF71FF9FFE71648FEF7F4
:1030600043F98006002801D4FFE7F7E707A80078B6
:10307000431C11483C210022FEF7EEF9FFE70E4801
:10308000FEF732F9C007002801D0FFE7F7E7FFE7B6
:103090000948FEF729F98006002801D4FFE7F7E781
:1030A0000548FEF70FF907990698401806A9087019
:1030B000A3E70AB080BDC04600200F4080B582B0B3
:1030C00001900199086A896AFDF7D6FA002804D1AF
:1030D000FFE70199886A086212E00199086A896A23
:1030E0000122D2075140FDF7E3FA002807D1FFE79C
:1030F0000199886A0122D20750400862FFE7FFE782
:1031000002B080BD81B0009000990020C861009994
:10311000C8600099086200990861009948610099A7
:10312000886101B0704770B588B000920C460546C2
:1031300000980D990C9A079506940590049303A89E
:10314000028002AA019211800699079A11600599DE
:10315000079A51600499079A9160079A0021D161FA
:10316000079AD160079A1161079A9161079A516194
:103170000088FDF7F0FA01460198079A91620088ED
:10318000FDF7E9FA0799486208B070BD80B58AB0CA
:1031900009900891079208980799FDF757F809993F
:1031A00048610999009148690969FDF74FF800994C
:1031B0008861099801904169C069FCF7F6FF01999F
:1031C000C86109980168039141690291FFF7AEF85F
:1031D0000299024603980492FDF740F80499FCF71F
:1031E000E4FF05900999069188688969FDF736F82A
:1031F0000599FCF7DAFF06990862099948690861A0
:103200000998FFF75BFF00200AB080BDB0B5AEB0F3
:103210002CA80190A94827900090A948A94928AA5C
:103220002DAB01F03BFC27980088C005002800D496
:10323000EEE02898FDF784FA9D21C9050991FDF774
:103240004AF8A1491A9108602998FDF779FA099975
:10325000FDF741F89D49179108602A98FDF770FA2B
:103260000999FDF738F89A49189108602B98FDF7ED
:1032700067FA0999FDF72FF801461798954A1992B0
:1032800011600068032189070F91FCF7E7FF199986
:1032900002461A980B9209680A9101680846FCF7E1
:1032A00084FF18990968FCF7D9FF0A9902460B9820
:1032B0000C92FCF7D3FF0C99FCF777FFFDF7B2FAFD
:1032C00006F000FA844A2592844B2693FDF7F4F821
:1032D000FDF7BCFA01461898814A11600168109107
:1032E0000846FCF762FF199902461A98119209687C
:1032F0000D9101680846FCF758FF1799096812916B
:10330000FCF7ACFF0D99024611980E92FCF7A6FF50
:103310000E99FCF74AFFFDF785FA024612981592BE
:103320000A460F991692FCF799FF109902461198D8
:103330001392FCF793FF1299024613981492FCF72C
:103340008DFF1499FCF782FF7F21C905FCF72DFF43
:10335000FDF768FA024615980B46169906F0FAFB37
:10336000259A269BFDF7A8F8FDF770FA179B189A87
:10337000199904461A985B4D2C601B681C931268BF
:103380001F9200681D9009682191FCF767FF1F9943
:1033900002461C981B92FCF761FF1B99FCF705FF86
:1033A00001460846FCF701FFFDF73CFA239008466A
:1033B0001C9924900846FCF751FF1D991E90084661
:1033C000FCF74CFF1E99FCF7F0FE1F992090084671
:1033D000FCF744FF01462098FCF738FF2199229022
:1033E0000846FCF73BFF01462298FCF72FFFFDF74C
:1033F00019FA024623980B46249906F0ABFB259A4E
:10340000269BFDF759F8FDF721FA37490860FFE7D9
:103410003348006835490891C861324800688861BE
:103420003148006808620021069125480290405EFC
:10343000FDF786F92E490391FCF74DFF089A0146E6
:10344000029811600221405EFDF77AF90399FCF7BA
:1034500042FF0899024602984A6089680491042153
:10346000405EFDF76DF92349FCF7F8FE0399FCF780
:1034700032FF0146049805911F49FCF7EFFE0599BC
:10348000FCF793FE0699089A90600E480790405EFC
:10349000FDF756F90699089B02460798DA60405EE8
:1034A000FDF74EF90699089B024607981A61405E9F
:1034B000FDF746F9089948612EB0B0BDC00920203B
:1034C000B4072020980420203C002020F808202069
:1034D000FC082020000920206666666666A64C402F
:1034E000900420208C04202094042020CC0720204D
:1034F000333383419A99993E3333333F80B588B053
:103500000D490120069080070790FDF745FC0798BC
:1035100000230493039302930193009319461A46E0
:10352000FDF7BDFB069907980904FDF755FC0798C0
:10353000FDF7E5FB08B080BD48B2000080B594B04F
:103540000920FDF787FD0A20FDF784FD0720039081
:10355000FDF780FD0820FDF77DFD12200521089173
:10356000FDF7C4FD01200A90010284480F90FDF789
:1035700003FD08991320FDF7B9FD0A990F98490238
:10358000FDF7FAFC03990D20FDF7B0FD0F9880219F
:10359000FDF7F2FC212004210491FDF7A7FD0A9913
:1035A0000F980903FDF7E8FC0A9800230B93019399
:1035B000C0040D9000900321079118461A46FDF7AC
:1035C0005FFD07990A980B9B0D9A019300921A468A
:1035D000FDF756FD0B98FDF7A9FC0A98FDF7A6FC30
:1035E00004990B9B0D9801930090252005901A4695
:1035F000FDF746FD04990B9B0D9801930090242044
:1036000006901A46FDF73CFD0598FDF78FFC0698DD
:10361000FDF78CFC142002210991FDF767FD099943
:103620001520FDF721FD07992020FDF75FFD079983
:103630001F20FDF75BFD07991E20FDF715FD08987B
:103640000B9A0D9B00921146FDF7C2FC2A20FDF754
:10365000EDFC2D20FDF7EAFC0A980B990D9B0091DB
:1036600002042E20FDF7B4FC0B9A0D9B00920E2055
:103670001146FDF7ADFC0B9A0D9B00920F201146F1
:10368000FDF7A6FC09980B9A0D9B00921146FDF7D9
:103690009FFC0B9A0D9B009235201146FDF798FC7C
:1036A0001620FDF7C3FC1720FDF7C0FC1820FDF71E
:1036B000BDFC1920FDF7BAFC2B20FDF7B7FC2C2030
:1036C000FDF7B4FC2F20FDF7B1FC0B9A0D9B009287
:1036D0003A201146FDF77CFC0B9A0D9B0092362098
:1036E0001146FDF775FC0A980B990D9B0091420459
:1036F0000C920620FDF76CFC0B990C9A0D9B009127
:103700003420FDF765FC3320FDF790FC2620FDF703
:103710008DFC2320FDF78AFC2220FDF787FC0F9803
:1037200017490E91FDF7D0FB0E990F98FDF724FC79
:103730000F981449FDF760FD0F9813491091FDF79C
:10374000B7FB0F981099FDF709FC1048129010492B
:103750001191FDF7B9FB11991298FDF70DFC129824
:10376000A021FDF711FD12980C211391FDF7A0FB8C
:1037700012981399FDF7F2FB14B080BD00000A40C7
:1037800000602200009002820000C09100200A40E8
:10379000C0031E0180B582B0124913480190FDF7A5
:1037A00016FE019803214902FDF7FEFD0198FDF781
:1037B0003BFD0198FDF7F0FD01980921FDF740FE62
:1037C000019800210091FDF727FE00990198FDF76F
:1037D00011FE0198FDF73EFD0198FDF731FD02B0A5
:1037E00080BDC04650B2000000200F4080B582B0BE
:1037F000124913480190FDF7EAFD0198032149029F
:10380000FDF7D2FD0198FDF70FFD0198FDF7C4FD0E
:1038100001980921FDF714FE019800210091FDF7A0
:10382000FBFD00990198FDF7E5FD0198FDF712FDFC
:103830000198FDF705FD02B080BDC04652B2000000
:1038400000000F4080B584B01E491F480390FEF76A
:103850004DF903981D49FEF71DF8039800230193C5
:1038600019461A46FEF750F9019B03980093194632
:103870001A46FEF727F9019A03981146FEF714F944
:10388000019A03981146FEF729F9019B039801213B
:103890000291009119461A46FEF714F90199029A0D
:1038A0000398FEF701F90199029A0398FEF716F9B9
:1038B0000398FDF7C3FF03980321FEF7EBF804B06C
:1038C00080BDC04657B20000000086405CB20000D8
:1038D00080B584B01B49F5480390FEF707F90398BB
:1038E0001949FDF7D7FF0398012201925103920273
:1038F0008023FEF709F901990398009100230293B0
:1039000019461A46FEF7DEF8019A02990398FEF767
:10391000CBF8019A03987D218900FEF7DFF8039820
:10392000FDF78CFF019903984902FDF791FF029979
:10393000142000F047FD03980221FEF7ABF804B015
:1039400080BDC04664B2000068B2000080B584B09B
:103950001A49D7480290FEF7C9F802981849FDF7AE
:1039600099FF02980023019319461A46FEF7CCF8F6
:10397000019B0298009319461A46FEF7A3F8019A94
:1039800002981146FEF790F8019A02987D2189006D
:10399000FEF7A4F80298FDF751FF02980121039168
:1039A0000902FDF755FF0199102000F00BFD029868
:1039B0000399FEF76FF804B080BDC04670B20000F6
:1039C00074B2000080B582B00B49BE480190FDF78B
:1039D000EDFD01980949FDF7ABFD01980421FDF7C4
:1039E000D5FD019810210222FDF7EAFD0198FDF7AF
:1039F00087FD02B080BDC0467CB200007EB20000F0
:103A000080B582B000200090FDF772FE0120019089
:103A10004002FDF779FE0098FDF7E2FEFDF748FE53
:103A2000FDF74CFE009A032000031421FDF78AFEE7
:103A30000A48FDF7DDFD1020FDF7E0FE0920FDF747
:103A400071FE0748FDF7A6FE0098FDF7E3FE019919
:103A5000084600F0B7FC02B080BDC04688B2000046
:103A600054B2000080B50120000600F02DF980BDA1
:103A700080B582B00A498F480190FEF737F8019867
:103A80000849FDF78BFF01980121FDF7E1FE0221B6
:103A9000084600F097FC0198FDF7D0FE02B080BD0B
:103AA000B0B20000B4B2000080B582B00A49EF485D
:103AB0000190FEF71BF801980849FDF76FFF019888
:103AC0000121FDF7C5FE1120032100F07BFC0198C8
:103AD000FDF7B4FE02B080BDC8B20000CCB2000059
:103AE00080B582B00A499C480190FDF7FFFF01981C
:103AF0000849FDF753FF01980121FDF7A9FE1320A6
:103B0000032100F05FFC0198FDF798FE02B080BD34
:103B1000E0B20000E4B2000080B582B0104968480D
:103B20000190FEF7D3F801980E49FEF765F8019869
:103B30000021FEF7D4F8019815212D22FEF7A0F8F8
:103B40000198012100918902FEF732F800990F20B7
:103B500000F038FC0198FEF71FF802B080BDC046A7
:103B6000F8B20000FAB2000080B500F035F8FFF7B7
:103B7000E5FCFFF745FFFFF765FEFFF7A9FEFFF73E
:103B8000E5FEFFF775FFFFF78FFFFFF7A9FFFFF7D0
:103B90002DFEFFF7FFFDFFF7BFFFFFF713FFFFF756
:103BA000ADFCFFF75FFF0749B822002088540649A3
:103BB0009C23C8540549C854054988540549242202
:103BC000885480BDD4042020900520205806202051
:103BD000F80620203006202080B58EB030480190B5
:103BE000FDF7CAFA2F480290FDF7C6FA2E48039057
:103BF000FDF748FFBC480490FDF744FF6D48059071
:103C0000FDF740FF2B480690FDF73CFF97480790D3
:103C1000FDF738FF50480890FDF734FF264809901B
:103C2000FDF7A6FB25480A90FDF7A2FB24480B9060
:103C3000FEF71AF823480C90FDF79CFC0120800742
:103C40000D90FDF79DF80198FDF7ACF90298FDF78E
:103C5000A9F90398FDF708FE0498FDF705FE0598FD
:103C6000FDF702FE0698FDF7FFFD0798FDF7FCFD46
:103C70000898FDF7F9FD0998FDF7F8FA0A98FDF79D
:103C8000F5FA0B98FDF7A2FF0C98FDF745FC0D988F
:103C9000FDF74CF81020FDF7C9F80EB080BDC04606
:103CA00000000A4000200A400000864000A0864034
:103CB000004008400000094000000F4000200F4075
:103CC0000080104000A0464080B584B00290029869
:103CD000401E000E002803D0FFE70120039011E0F2
:103CE0000298401E0949086000200190C04303214A
:103CF00000F068FB01980A490860054A0721116035
:103D00000390FFE7039804B080BDC04614E000E0D4
:103D100010E000E070470000014800687047C046AE
:103D200018E000E080B50C48FDF7AAFD012810D18D
:103D3000FFE70A48007801280AD1FFE7FFF766FA93
:103D40004D490878401C0870044900200870FFE7BE
:103D500000E0FFE780BDC046002086400409202027
:103D600080B51448FDF78CFD092820D1FFE71248E3
:103D70000068012816D1FFE710480168491C01605E
:103D800000680F49096888420BD3FFE702F028F862
:103D900009490020086009490860102000F0E2FA93
:103DA000FFE703E0054900200860FFE700E0FFE7C8
:103DB00080BDC04600400840F0082020EC082020CC
:103DC000F408202080B582B02848FDF759FD01286D
:103DD00048D1FFE726480188491C01800088142843
:103DE00021DBFFE7234901200870214900200880DA
:103DF0002148017805204843204908702048007870
:103E00000978884204DDFFE71C480078019003E050
:103E10001B4800780190FFE701981949087017497D
:103E200000200870FFE717480188491C01800088BE
:103E3000022807DBFFE71449012008701149002020
:103E40000880FFE711480188491C0180008802288A
:103E500007DBFFE70E49012008700C4900200880AD
:103E6000FFE700E0FFE702B080BDC046008086406B
:103E7000E2092020E4092020C8042020C9042020D1
:103E8000CA042020DE092020E0092020DA092020B1
:103E9000DC09202080B51448FDF7F2FC0A2820D167
:103EA000FFE712480068012816D1FFE710480168B3
:103EB000491C016000680F49096888420BD3FFE77D
:103EC00001F088FF094900200860094908601420B2
:103ED00000F048FAFFE703E0054900200860FFE72B
:103EE00000E0FFE780BDC04600A08640E408202037
:103EF000E0082020E808202080B58AB0D948FDF7E6
:103F0000BFFC012800D0AAE1D7480078012800D0E2
:103F1000A4E1D64801F0ECFAD548FEF7B4FBD54849
:103F200000680990062800D996E10998810001A04F
:103F300040588746513F0000533F00004940000071
:103F40004B4000004D400000594100005742000026
:103F500083E1C94800780521FCF794FC08460890E5
:103F6000042958D80898810001A040588746C046C7
:103F7000853F0000AB3F0000C53F0000DD3F000073
:103F8000FB3F0000C44803680068B949A822895C67
:103F900001910090B548BD49B94A02F0BBFA02460A
:103FA000B54908788018087036E0B5480090AF49E8
:103FB000B74AB64BB74804F0C5FDAF490878401C76
:103FC000087029E0A948B249B04AAD4B02F0D8F9CF
:103FD0000246A9490878801808701DE0AA48019097
:103FE000A7480090A149AA4AA84B5A2004F0D0FD46
:103FF000A1490878401C08700EE0A14800909B4839
:10400000A049A14AA14B02F01FFA02469A4908783A
:104010008018087000E0FFE797480078A0490A7808
:1040200014215143491C88420DD1FFE792490020D9
:104030000790087004F0AAFC079804F00BFD07989D
:104040008C490860FFE708E107E106E19348007842
:10405000012800D07FE0884800780521FCF712FC99
:1040600008460690042962D80698810001A04058AD
:104070008746C04689400000B9400000D340000098
:10408000EB40000013410000012041057B48FCF794
:1040900025FF8148036800687549A822895C019161
:1040A000009072487949764A02F034FA0246724921
:1040B0000878801808703BE0714800906B49744A9A
:1040C000724B744804F03EFD6B490878401C087040
:1040D0002EE066486E496D4A694B02F051F902467E
:1040E000654908788018087022E0674801906448A4
:1040F00000905E49664A654B5A2004F049FD012054
:1041000041055E48FDF74EF85B490878401C087091
:104110000EE05B48009055485A495B4A5B4B02F001
:1041200093F90246544908788018087000E0FFE7C8
:104130005148007815280DD1FFE74F490020059020
:10414000087004F023FC059804F084FC05984949A4
:104150000860FFE7FFE780E0474800780521FCF7AB
:1041600091FB08460490042961D80498810001A0BD
:104170004058874689410000B9410000D341000002
:10418000EB41000009420000012041053B48FCF7DB
:10419000A5FE4148036800683549A822895C019161
:1041A000009032483949364A02F0B4F902463249A1
:1041B0000878801808703BE0314800902B49344A59
:1041C000324B344804F0BEFC2B490878401C087080
:1041D0002EE026482E492D4A294B02F0D1F80246FE
:1041E000254908788018087022E027480190244863
:1041F00000901E49264A254B5A2004F0C9FC1E494E
:104200000878401C087013E0012041051B48FCF7AA
:10421000C9FF1B48009015481A491B4A1B4B02F066
:1042200013F90246144908788018087000E0FFE787
:104230001148007829280DD1FFE70F49002003908D
:10424000087004F0A3FB039804F004FC03980949E8
:104250000860FFE701E000E0FFE7FFE700E0FFE7BD
:104260000AB080BD00000940C0072020F0072020D0
:1042700010092020BC072020D909202000000A4076
:104280005C08202088082020B40820200408202072
:104290003008202066668641D0092020B204202004
:1042A000D809202080B582B02A48FDF79BFC0B2856
:1042B0004DD1FFE727480190FDF7CCFC024601985D
:1042C00025490A700978FDF719FD2448007800286F
:1042D0003CD1FFE720480078662804D1FFE71F495A
:1042E0000120087031E01D48007801282CD1FFE73B
:1042F0001948007865280BD1FFE71849002008709D
:10430000174948710871C870887048700870FFE7D5
:104310001148007861280BD1FFE710490020087090
:104320000F4948710871C870887048700870FFE7BD
:104330000948007809490A78094BD218521E1070B2
:104340000878401C0870FFE7FFE7FFE700E0FFE7A1
:1043500002B080BD00801040B4042020C809202095
:10436000AC04202081B0014668460170002140560F
:1043700000280DD4FFE7684601781F200140012086
:10438000884004490860BFF34F8FBFF36F8FFFE78A
:1043900001B0704780E100E081B0014668460170DD
:1043A00000214056002809D4FFE7684601781F2005
:1043B00001400120884002490860FFE701B07047D2
:1043C00000E100E070B582B0024601A802700091E1
:1043D00000214056002816D4FFE7002401A9085701
:1043E0000322D3431840174A805809578C07E50E1B
:1043F000FF24AC40A043009CA401E4B2AC402043A5
:10440000194088501AE001A908780F242040083884
:104410000322D34318400A4A8058002549578D0784
:10442000EE0EFF25B540A843009DAD01EDB2B540AD
:1044300028432140083919408850FFE702B070BD79
:104440001CED00E000E400E080B58AB0099008911E
:1044500000200090069003A801F0BEF80098079095
:10446000FFE70798022855DCFFE7099807998A00BB
:10447000805808998958401AFBF774FEFCF760F9D8
:104480008F21C905FBF727FF02900798810003A839
:1044900040580021FCF71AF900281ED1FFE70298C6
:1044A00007998A0003A98958FBF715FF1C49FBF7F8
:1044B0007CFE019001980121C90788431749496A88
:1044C000FCF7DAF8002807D1FFE7079801218140BF
:1044D000069808430690FFE717E002980F49C9695C
:1044E000FCF7D8F8002808D1FFE702980B49096AC1
:1044F000FCF7C2F8002807D1FFE7079801218140A7
:10450000069808430690FFE7FFE7FFE70798401C7F
:104510000790A6E706980AB080BDC04604B5000023
:10452000000080BF80B584B0002003900120800788
:104530000290FCF7EFFB0298FCF75EFCFFE701201E
:104540008007FCF715FC002801D0FFE7F7E7012002
:1045500080070190FCF75CFC0198FCF7C5FB019813
:104560000021FCF7EDFB0390039804B080BD85B0FB
:10457000049003910292019300200090FFE70098BD
:10458000072828DCFFE7049800994A00805A03991D
:10459000895A884208DDFFE700980122824001998C
:1045A00008781043087011E0049800994A00805A76
:1045B0000299895A884208DAFFE70098012282406E
:1045C0000199087890430870FFE7FFE7FFE700983C
:1045D000401C0090D3E705B07047000080B586B05E
:1045E00005900598C078C021084003A90870059877
:1045F000C0783F21084004A9087005984078C0079A
:10460000002819D0FFE704A80178C90802AA117090
:10461000007807210840401C01A90870ED48006897
:10462000002808D0FFE7EB48026802A8007801A93B
:1046300009789047FFE7FFE70598407800070028D2
:104640000DD5FFE7E3484068002807D0FFE7E148C1
:10465000416803A8007880098847FFE7FFE700204A
:1046600006B080BD80B582B001900198D22803D3F6
:10467000FFE7D1200190FFE701997D20C00048436A
:1046800000F002F802B080BD80B586B005900598B4
:104690001E49884203D3FFE71D480590FFE70599AF
:1046A000502048430590002000900490FFF734FB11
:1046B000014600980391029001A90870FFE7FFF7F7
:1046C0002BFB029002980399884204D9FFE701A9C5
:1046D00001200870FFE701A80078002807D0FFE755
:1046E00003980299401A0B494018049004E003987B
:1046F0000299401A0490FFE704980599884201D373
:10470000FFE700E0DBE706B080BDC04634330300BE
:1047100033330300FFFFFF0080B582B0014601A8DC
:104720000170007800280AD0FFE769462020087051
:1047300028204870302088703820C87002E0064871
:104740000090FFE7054804216A4603F0CBF902F028
:104750003BFC02B080BDC046A3A3A3A39E0A0000F9
:1047600080B58AB009A90591088006AA04920220A2
:104770001070CA205070E32090700920D07068201B
:10478000042103F0AFF9049A0598A3211170008861
:104790004006002808D5FFE706A9C0204870C820B9
:1047A0008870C220C87005E006A9A32048708870F0
:1047B000C870FFE709A80088C005800F002808D04E
:1047C000FFE706A9C4200871CC204871C620887173
:1047D00005E006A9A320087148718871FFE706AAC1
:1047E000A320D0711072507275480A2103F07AF933
:1047F00009A800888007002804D0FFE706A9202028
:10480000087003E006A9D8200870FFE76D48012171
:1048100006AA03F067F909A800888006002804D5D5
:10482000FFE7012000F0D8F803E0002000F0D4F802
:10483000FFE709A80088C005800F002820D0FFE707
:1048400009A80088C00500280AD5FFE706A9B220FC
:1048500008708B204870B62088709B20C87009E0D3
:1048600006A9B020087080204870B420887090207D
:10487000C870FFE75448042106AA03F033F9FFE7A4
:1048800009A80088C007002826D0FFE706AAF8205C
:1048900010708B2000010121039103F023F9072000
:1048A0000290FA2100F0C6FC029800F06DFC03981B
:1048B00000F09DFC642000F0D9FD7D20800000F018
:1048C000EDFD4248C82100F00BFC282000F02AFC36
:1048D0000A2000F040FC08E006AAD82010708B20C7
:1048E0000001012103F0FEF8FFE709A80088800716
:1048F000002804D5FFE706A9D920087003E006A91F
:10490000D8200870FFE73248012106AA03F0EAF830
:1049100009A800884007002804D5FFE7012000F01F
:104920008BF803E0002000F087F8FFE709A8008873
:10493000C006002804D5FFE70120FFF7EDFE03E0E5
:104940000020FFF7E9FEFFE7099808210843CE4958
:104950000191488102F038FB01990020887309A871
:1049600000884006002805D5FFE7C749887B801DE1
:104970008873FFE709A80088C005800F002805D0CC
:10498000FFE7C149887B801D8873FFE709A800887D
:104990001421084205D0FFE7FE49887B1030887358
:1049A000FFE709A800888007002805D0FFE7F9493C
:1049B000887B001D8873FFE700200AB080BDC046D9
:1049C000A70A0000B60A0000A20A000009E3CA0212
:1049D0003D070000B804202080B588B0014606A835
:1049E0000170007800280ED0FFE703AA5D20107246
:1049F0000F4804900F4803909720C000092103F04E
:104A000071F807900DE06A46C720107206480190C1
:104A1000064800909720C000092103F063F8079032
:104A2000FFE7079808B080BDB088C3C5B8AAAAAA96
:104A3000B4980D35B8AAB38D80B582B0014601A8EF
:104A40000170007800280AD0FFE76946C02008708E
:104A5000C2204870C4208870C620C87002E0064892
:104A60000090FFE7054804216A4603F03BF802F096
:104A7000ABFA02B080BDC0468B8B8B8B980A0000CE
:104A800080B50449012082020348C82302F0AAF835
:104A900080BDC04652A60000F60B000010B594B0D1
:104AA000179C169C1290119110920F9306A900204A
:104AB000087016990880DD48807B179A07A902F0D4
:104AC000ABF9002804D0FFE70020C0431390D7E0E3
:104AD000D6484089142108426CD0FFE707980006A9
:104AE00007A900914A78120480188A781202801867
:104AF000CA788018109A1060089800064A79120443
:104B000080188A7912028018CA798018109A506029
:104B1000099800064A7A120480188A7A12028018CC
:104B2000CA7A8018109A90600A9800064A7B12048C
:104B300080188A7B12028018C97B40181099C860BF
:104B40000698103006A9087010980221405E029065
:104B500010980621405E039010980A21405E049050
:104B600010980E21405E05900298404303994943F6
:104B70004018049949434018059949434018019049
:104B800001980F210906884205DBFFE701983F499C
:104B9000884208DBFFE702F017FA16990020088028
:104BA000C04313906CE0169908880122120210434A
:104BB0000880FFE7EA4840894006002823D5FFE740
:104BC00006A9087807AA1318105C00025B78C018C1
:104BD000119B18800878831898780002DB78C01839
:104BE000119B588008788218107900025279801839
:104BF000119A90800698801D0870169908880822DE
:104C000010430880FFE7D6484089C005800F002880
:104C100023D0FFE706A9087807AA1318105C000242
:104C20005B78C018129B1880087883189878000267
:104C3000DB78C018129B588008788218107900021F
:104C400052798018129A90800698801D08701699E3
:104C50000888702210430880FFE7C1484089800718
:104C6000002807D0FFE706A8017807A84018FFF73B
:104C7000B5FCFFE70F9803F0D7F800201390FFE78B
:104C8000139814B010BDC046B804202001000011D4
:104C900080B58CB00B9001A8009001F0A1FD0098A8
:104CA0000088C0030021039102900B99AC4802894F
:104CB0009207120F8958089100894007002804D5EF
:104CC000FFE7089840420890FFE70B99A448028943
:104CD00052080C231A40895809910089800600283F
:104CE00004D5FFE7099840420990FFE70B99FB487C
:104CF000028912090C231A4089580A910089C005BB
:104D0000002804D5FFE70A9840420A90FFE7089878
:104D1000C117029A039BFBF70DFA8900800F401818
:104D200008900998C117029A039BFBF703FA8900C0
:104D3000800F401809900A98C117029A039BFBF74D
:104D4000F9F98900800F40180A9008A8C17805AACF
:104D50001170418851700899090A91700899D170B1
:104D6000C1791171C18851710999090A9171099923
:104D7000D171C17A1172408950720A98000A9072FA
:104D80000A98D072A52080000C2102F0ABFE0CB076
:104D900080BDC046B804202080B588B0014606A872
:104DA00001801D4905911D4904911D490391008809
:104DB000C92804DBFFE70020C043079029E006A8CC
:104DC0000188C820FBF75EFD411E02A801804078E3
:104DD0006A461070029850701248022102F082FE5A
:104DE000002804D0FFE70020C043079011E00E48E0
:104DF0000C2103AA02F076FE002804D0FFE7002071
:104E0000C043079005E00698B449888100200790C8
:104E1000FFE7079808B080BDBBAFDFDFAAF1DFDF97
:104E2000FEF2ABC416020000C10A0000B804202044
:104E300080B588B006900699A84802899207120F9B
:104E40008958039100894007002804D5FFE703989B
:104E500040420390FFE70699A048028952080C23BC
:104E60001A408958049100898006002804D5FFE77C
:104E7000049840420490FFE7069998480289120975
:104E80000C231A40895805910089C005002804D5D3
:104E9000FFE7059840420590FFE70398C117314AA4
:104EA000009200230193FBF745F9009A019B8900CA
:104EB000800F401803900498C117FBF73BF9009A44
:104EC000019B8900800F401804900598C117FBF7DB
:104ED00031F98900800F4018059003A8C17802AA13
:104EE0001170408850700398000A90700398D07039
:104EF0003D200001042102F0F5FD002804D0FFE769
:104F00000020C043079028E003A8C17902AA1170CD
:104F1000C08850700498000A90700498D070F520F2
:104F20008000042102F0DEFD002804D0FFE700200D
:104F3000C043079011E003A8C17A02AA117040890A
:104F400050700598000A90700598D0707B20C000C2
:104F5000042102F0C7FD0790FFE7079808B080BD65
:104F6000B804202009E3CA02B0B588B006AB1880A7
:104F700003AC6C20A0705248208002A82C218170C4
:104F80005049018001AA762191704F4911806A46EB
:104F9000662191704D4911801A8803210A40A55C51
:104FA00005AA1570069DED06AD0F655D5570069D51
:104FB0002D06AD0F645D94701B880B40C45C04AB80
:104FC0001C70069CE406A40F045D5C70069C24061D
:104FD000A40F005D98703E4802F084FD002804D0C4
:104FE000FFE70020C043079066E03A48032104AA87
:104FF00002F078FD002804D0FFE70020C0430790AE
:105000005AE0019805A9088001A880788870684650
:10501000807804A988700098088006A80088400756
:1050200000280AD5FFE705980121084305AA10705A
:105030000498084304A90870FFE706A800888006C2
:1050400000280AD5FFE705A94878012210434870D7
:1050500004A9487810434870FFE706A80088C005F7
:1050600000280AD5FFE705A9887801221043887037
:1050700004A9887810438870FFE71120800103217C
:1050800005AA02F02FFD002804D0FFE70020C0434E
:10509000079011E01048032104AA02F023FD002824
:1050A00004D0FFE70020C043079005E006980B49B5
:1050B000088100200790FFE7079808B0B0BDC04600
:1050C0004CCD00000CC900003656000026460000FA
:1050D000260400002A04000031040000B804202047
:1050E00080B586B0059004A80190018005987D21C7
:1050F000C900FBF7E7FB014601980088484302908E
:1051000002A8C17803AA1170408850700298000A62
:1051100090700298D07057208000042102F0E2FCC9
:1051200006B080BD80B584B0014603A8019001801F
:1051300000880521FBF7A6FB014601980180407815
:1051400002AA107003985070AD204000022102F0B6
:10515000C9FC04B080BD80B584B0014603A80190AD
:10516000018000880521FBF78DFB01460198018035
:10517000407802AA1070039850702B20C0000221C2
:1051800002F0B0FC04B080BD80B582B0014601A839
:1051900001706A46002111700078C007002806D00F
:1051A000FFE700983021084369460870FFE701A82F
:1051B00000788007002806D5FFE700980C210843F7
:1051C00069460870FFE701A800784007002806D567
:1051D000FFE700980321084369460870FFE729208C
:1051E000C00001216A4602F07DFC02B080BD80B59E
:1051F00082B0014601A801700078002804DCFFE7B6
:1052000001A90120087009E001A80078052804DB45
:10521000FFE701A904200870FFE7FFE70198401E9F
:105220006A461070FF205030012102F05BFC02B092
:1052300080BD000080B58AB0024608A8027007AAA7
:10524000118000784007002806D0FFE707A80088F3
:105250008049884204DBFFE70020C0430990F5E065
:1052600007A80088FBF777FA7B49FBF734F804902E
:1052700005A8009001F07CFA00980078801E01904B
:105280000E286BD80198810001A040588746C0467F
:10529000CD5200005D530000F15200005D5300004C
:1052A0005D5300005D530000155300005D53000086
:1052B0005D5300005D5300005D5300005D5300002E
:1052C0005D5300005D5300003953000004988D21A8
:1052D000C905FAF7C3FFFBF767FA03A9088004982A
:1052E0006149FAF7BBFFFBF75FFA02A9088039E0D2
:1052F000049823214906FAF7B1FFFBF755FA03A9F1
:10530000088004985749FAF7A9FFFBF74DFA02A95C
:10531000088027E004988B21C905FAF79FFFFBF767
:1053200043FA03A9088004984D49FAF797FFFBF761
:105330003BFA02A9088015E0049845210906FAF70E
:105340008DFFFBF731FA03A9088004984349FAF767
:1053500085FFFBF729FA02A9088003E00020C0437B
:10536000099073E003A8407806A908700398487074
:1053700002A8407888700298C87008A80078C00712
:1053800000281CD0FFE775208000022106AA02F049
:10539000A9FB002804D0FFE70020C043099055E096
:1053A00006A8821C49208000022102F09BFB0028F5
:1053B00004D0FFE70020C043099047E0FFE708A8BA
:1053C0000078800700281CD5FFE73B20C0000221A1
:1053D00006AA02F087FB002804D0FFE70020C043A4
:1053E000099033E006A8821C2520C000022102F0AB
:1053F00079FB002804D0FFE70020C043099025E096
:10540000FFE708A80078400700281CD5FFE77720B1
:105410008000022106AA02F065FB002804D0FFE705
:105420000020C043099011E006A8821C4B20800098
:10543000022102F057FB002804D0FFE70020C04300
:10544000099003E0FFE700200990FFE709980AB000
:1054500080BDC04641060000000048430000C04433
:10546000000040450000C0450000404680B584B0C3
:10547000014603A8018000880521FBF703FA0146D5
:1054800002A80180407801AA107002985070EF20A5
:105490004000022102F026FB04B080BD80B584B03C
:1054A000014603A8018000880521FBF7EBF90146BE
:1054B00002A80180407801AA107002985070ED2077
:1054C0004000022102F00EFB04B080BD81B00090CC
:1054D000009900204860009908600099C860009910
:1054E0008860314908602D49086001B07047C046A6
:1054F00080B58CB00B900B980068019027480A90FB
:105500000068FBF71DF926490391FAF7A7FE01464B
:105510000198029123490491FAF7A0FE0299FAF743
:1055200044FE0B990860204809900068FBF708F9D1
:105530000146099805910068FBF702F90399FAF70B
:105540008DFE0499024605980692FAF787FE0699A1
:10555000FAF72BFE01460A980B9A51600068FBF798
:10556000EFF801460B9807908068FAF71EFE079A3D
:105570000146099891600068FBF7E2F801460B9834
:105580000890C068FAF711FE089B099A0A99D8603A
:105590000020106008600CB080BDC046C407202009
:1055A0009A99993E3333333F0809202080B582B061
:1055B00001900091FFE70748FCF742FB002801D06B
:1055C000FFE7F8E701A801780248FCF7A3FB019880
:1055D00002B080BD00801040B0B588B0069036485B
:1055E000406800780D21042205AB02F021FC002860
:1055F00003D0FFE7072007905BE005AA1078E023BF
:105600001840C008D178302421400909401804A965
:10561000087050781840C008D4780C252C40A40895
:105620000019487090781840C008D27803231A40B7
:105630008018887003A900200870FFE703A800788D
:10564000022833DCFFE703A8017804A8405C0028A7
:1056500007D1FFE7069903A8007882000020885050
:105660001FE0069903A80078820014488850FFE7DD
:1056700003A8027804A9885C401E8854000600280C
:105680000ED0FFE70698029003A9097889000191DE
:1056900040580B49FAF7E2FD019A02998850E7E772
:1056A000FFE70398401C03A90870C7E70020079094
:1056B000FFE7079808B0B0BD480020207B14AE3E3D
:1056C0001D5A843F014800687047C046CC04202022
:1056D00070B598B01690159114A8027011AB012006
:1056E000187000205870DA49486800780968897C89
:1056F000022202F0B9FB002804D0FFE70020C043DB
:10570000179037E2C82002F083FB11AB002018701D
:10571000CF49486800780968C97B012202F0A4FBE0
:10572000002804D0FFE70020C043179022E2C849B8
:105730004868007809684979012211AB02F094FBAE
:10574000002804D0FFE70020C043179012E2C049B0
:10575000486800780968897C012211AB02F084FB5B
:10576000002804D0FFE70020C043179002E2B849A8
:10577000486800780968C97D012211AB02F074FB0A
:10578000002804D0FFE70020C0431790F2E1FB4956
:105790004868007809680979012211AB02F064FBBE
:1057A000002804D0FFE70020C0431790E2E111ABCE
:1057B0000C201870F14948680078096809790122BD
:1057C00002F052FB002804D0FFE70020C0431790EE
:1057D000D0E10F2002F01CFBE849886A407A11AB47
:1057E00018704868007809688978012202F03CFB4B
:1057F000002804D0FFE70020C0431790BAE1DF493A
:10580000886A007A11AB187048680078096849788E
:10581000012202F029FB002804D0FFE70020C0434A
:105820001790A7E114A80078002808D0FFE7D34814
:10583000806A807AE021084311A9087005E0CF480A
:10584000806A807A11A90870FFE7CC49486800781F
:1058500009688979012211AB02F006FB002804D007
:10586000FFE70020C043179084E114A800780028C7
:1058700008D0FFE7C148806AC07AE021084311A937
:10588000087004E0BE48C07A11A90870FFE7BB4960
:10589000486800780968C979012211AB02F0E4FA7E
:1058A000002804D0FFE70020C043179062E114A84D
:1058B0000078002804D0FFE7C82002F0A9FAFFE72B
:1058C00011AB40201870FA494868007809680979D6
:1058D000012202F0C9FA002804D0FFE70020C043EB
:1058E000179047E111AB78201870F14948680078AB
:1058F00009684979012202F0B7FA002804D0FFE7CD
:105900000020C043179035E1EA48808902F080FA10
:1059100011AB00201870E649486800780968497999
:10592000012202F0A1FA002804D0FFE70020C043C2
:1059300017901FE1DE49486800780968897A0222D9
:1059400011AB02F075FA002804D0FFE70020C04335
:1059500017900FE11198000211A9497841180EA87B
:10596000018000880C21FAF78DFF10A908701699A4
:10597000002088601699486016990860159988601B
:1059800015994860159908600FA90870FFE70FA8DE
:10599000007810A9097888425CDAFFE7C4494868B2
:1059A00000780968C97A0C2211AB02F041FA00288C
:1059B00004D0FFE70020C0431790DBE011980002FD
:1059C00011AD0995697841180CA80180A9780902E0
:1059D000EA7889184180129909026A7989188180C8
:1059E0000023C45E159A1168091911600222865EAF
:1059F000159C6168891961600421465E159CA06848
:105A00008019A060A8790002EC7904190AA8048022
:105A1000139C24026E7AA4194480AC7A2402ED7A95
:105A200064198480C55E169C23685B192360845EBC
:105A3000169B5A6812195A60425E16998868801837
:105A40008860FFE70F98401C0FA908709FE7C046C9
:105A500048002020169800900068C117020C090425
:105A600089180004934A0592126800230793FAF7F5
:105A70003BFB079B10AA06921278FAF735FB0099B8
:105A8000059A079B0860169801904068C117040C9E
:105A90000904091900041268FAF726FB069A079B05
:105AA0001278FAF721FB0199059A079B486016982E
:105AB00002908068C117040C0904091900041268D7
:105AC000FAF712FB069A079B1278FAF70DFB029978
:105AD000059A079B8860159803900068C117040C0D
:105AE0000904091900045268FAF7FEFA069A079B9E
:105AF0001278FAF7F9FA0399059A079B0860159846
:105B000004904068C117040C090409190004526884
:105B1000FAF7EAFA069A079B1278FAF7E5FA049977
:105B2000059A079B4860159808908068C117040C77
:105B30000904091900045268FAF7D6FA069A079B75
:105B40001278FAF7D1FA08998860159880680128C8
:105B500006DBFFE7159988680A4A8018886006E026
:105B6000159988680122120480188860FFE70020D8
:105B70001790FFE7179818B070BDC0464800202066
:105B800004B500000000FFFF80B58AB008900791BF
:105B9000002005904648406800780D21032204ABA0
:105BA00002F046F9002803D0FFE7072009907BE0C8
:105BB00004A908781F2210400870487810404870E7
:105BC00088781040887000200690FFE70698022829
:105BD00067DCFFE7089806998A008058079989587A
:105BE000401AFAF7BFFAFAF7ABFD8F21C905FAF7A9
:105BF00072FB0290069904A8405C002834D0FFE7AD
:105C00002C480068FAF7A7FD01462B48FAF763FB1A
:105C10000390FFE7069A04A9885C401E885400069A
:105C2000002806D0FFE703982549FAF717FB0390F1
:105C3000F0E702980399FAF74EFB2049FAF7B5FA14
:105C4000019001980121C90788431A498969FAF727
:105C500013FD002807D1FFE7069801218140059830
:105C600008430590FFE717E0029812490969FAF71F
:105C700011FD002808D1FFE702980E494969FAF79B
:105C8000FBFC002807D1FFE7069801218140059819
:105C900008430590FFE7FFE7FFE70698401C0690E2
:105CA00094E705980990FFE709980AB080BDC046BF
:105CB0004800202004B5000000B04C45000080BF23
:105CC00054E3853FB0B586B001931446019A0B4664
:105CD000014605A8017004A90B7003AB1C70029269
:105CE000064A12681469007840000978029A1B7805
:105CF000C8250095A04706B0B0BDC046440020208E
:105D000080B584B00390039800F019F802A90191BE
:105D100008800398C01C00F012F80199C200029894
:105D2000104308800398801D00F009F8014601988F
:105D30008A01029911430180008804B080BD82B0BD
:105D40000190019800214056012804DBFFE76946D5
:105D5000002008803AE0019800214056002804D530
:105D6000FFE76946042008802FE001980121405692
:105D7000012804DBFFE769460120088024E0019840
:105D800001214056002804D5FFE769460520088018
:105D900019E0019802214056012804DBFFE769461B
:105DA000022008800EE0019802214056002804D508
:105DB000FFE769460620088003E06946072008805F
:105DC000FFE7FFE7FFE7FFE7FFE7FFE76846008839
:105DD00002B0704780B56420002102F0B5FA80BDA2
:105DE00080B56420002102F0E9FA80BD10B5B0B0A2
:105DF000002329932F93AF208400019419204001A0
:105E000023900090D0487F21CA052592CF49249144
:105E1000FDF789F923982499259A299B01940090EC
:105E2000CB48FDF780F9299A019214202A9000901E
:105E3000C848C9492691C94BFDF775F9299A0192BD
:105E400096200090C648012128918907FD239B05D3
:105E5000FDF769F92699299B0A2001900090C14815
:105E6000C14AFDF760F9FDF77FFEFCF7BCFCBF48B7
:105E70002790FCF7CFFB02F04FF92798FCF706FBC1
:105E8000BB482E902E9800688047FCF78BFAFBF7F2
:105E90004BFF2998C043FEF77FFA0F20FEF77CFAEC
:105EA0002898FEF779FAB348FBF756FE0220FEF772
:105EB00073FAB148FBF750FE1120FEF76DFAFE4869
:105EC000FBF74AFE2898FEF767FAFC48FBF744FE0A
:105ED0001320FEF761FA2999F94A08232B93084603
:105EE000FCF790FF29982A992B9BFC4AFCF78AFF24
:105EF000FCF7B4FFFFE7012081062291F848FBF789
:105F000003F9229988421CD0FFE72DA90020209098
:105F10000870F448006AFAF785FC024620981F9240
:105F20000A461F9901920091EF4B282121910622E8
:105F3000FCF7BAFC2098219936220823FCF7B0FF21
:105F4000D9E7FCF7C1FB7D208000FEF78BFBF7490A
:105F500001200870F64A00211D9106231E93084671
:105F6000FCF750FF1D981E9BF24A0B21FCF74AFFDD
:105F70001D981E9BF04A1621FCF744FF1D981E9B9E
:105F8000EE4A2121FCF73EFF1D981E9BEC4A2C2176
:105F9000FCF738FF1D981E9BEA4A3721FCF732FFB9
:105FA000FFE7E948007801284DD1FFE7E74800788E
:105FB000002801D1FFE714E0E4480078012801D16E
:105FC000FFE70DE0E1480078022801D1FFE706E095
:105FD000DE480078032801D1FFE7FFE7FFE7FFE78E
:105FE000FFE7D1481790A8211691425C06201A902D
:105FF000009036201B900B2108231893FCF7F5FC2A
:10600000169A17982CA9199100231C930B70805C89
:1060100002F012FAFAF7C8FB189B1A9902461B986D
:1060200000911621FCF786FE199A1A991B9812788E
:10603000009121210123FCF77DFEFCF70FFF1C9846
:10604000C1490870FFE7C2480078012800D01FE16D
:1060500001F0C0FF01461591032800D913E11598FE
:10606000810001A040588746796000000D61000062
:106070005F62000073620000B44900200870B748F6
:1060800000780621FAF7FEFB08461490052932D85D
:106090001498810001A040588746C046B5600000B2
:1060A000BD600000CB600000D3600000DB6000003A
:1060B000E9600000AD490620086020E0AA491820E8
:1060C0000860AA490120086019E0A8490220086078
:1060D00015E0A6490320086011E0A34918200860D4
:1060E000A249042008600AE09F49182008609F49DF
:1060F0000520086003E09D4900200860FFE79C4AF6
:106100005B201E210623FCF77DFEBDE0934A10783C
:10611000411C11700621FAF7B5FB084613900529BA
:1061200000D992E01398810001A040588746C046EC
:106130007D610000AB610000CB610000EB610000FD
:106140000B6200002B620000040820200000F041D8
:106150005C08202030082020CDCCCC3D0AD7A33CC1
:10616000B4082020880820200AD7A33B100920204B
:106170000800202000000940008086407848007810
:10618000012807D1FFE70020372130220823FCF740
:10619000ABFB03E0724901200870FFE700213022C9
:1061A00008230846FCF7A0FB4FE0002110913022A5
:1061B0001192082312930846FCF796FB1098119A47
:1061C000129B0B21FCF790FB3FE000200D900B2170
:1061D00030220E9208230F93FCF786FB0D980E9A3F
:1061E0000F9B1621FCF780FB2FE000200A90162160
:1061F00030220B9208230C93FCF776FB0A980B9A3B
:106200000C9B2121FCF770FB1FE00020079021214F
:106210003022089208230993FCF766FB0798089A36
:10622000099B2C21FCF760FB0FE0002004902C213F
:106230003022059208230693FCF756FB0498059A32
:10624000069B3721FCF750FBFFE74049022008700E
:10625000444A5B2027210623FCF7D4FD14E03B4988
:10626000012008703C4A5B201E210623FCF7CAFD72
:106270000AE0364903200870364A5B2027210623AE
:10628000FCF7C0FD00E0FFE7314900200870FFE7A0
:1062900038480078012845D1FFE7304800780621CA
:1062A000FAF7F0FA08460390052937D803988100D9
:1062B00004A040588746C046000086400020864023
:1062C0007AB30000ED620000EF6200001563000089
:1062D00017630000196300001B6300002BB300006C
:1062E00000000A40CC07202094B3000016E0FFF71E
:1062F000E9F9F9F737FF0521FAF7E4FA491C1E48D6
:106300000170007800901D4B362000210622FCF71A
:10631000CBFA03E002E001E000E0FFE715490020CE
:106320000870FFE73DE6C04610092020C007202086
:106330003FB3000051B3000063B3000036B3000068
:1063400048B300005AB30000E4092020C807202009
:10635000E009202073B300006CB300000008202087
:10636000D00420208DB30000D0092020BC072020BD
:1063700086B30000DC092020D80920209EB300004D
:1063800080B58CB00A9009910892079309980590FE
:106390002B480068FAF7D4F904900A998868C9680C
:1063A000F9F703FF012106918907F9F794FF049992
:1063B00002460598FCF7EAFE09984069FAF732FAB6
:1063C000069AD207914300221E4BFAF7A3F9002840
:1063D0001CD1FFE70A9908684968F9F7E6FEFAF761
:1063E00021FA0122D20791430022164BFAF792F9C3
:1063F00000280BD1FFE70A980899079A0023009319
:1064000000F05DF80BA90120087014E00A980390D1
:1064100008980190079802900998006AFAF7C4F961
:106420000199029A03460398009300F048F80BA9DB
:1064300000200870FFE70BA800780CB080BDC046B4
:10644000CC09202000001440B0B588B00C9C069008
:106450000591049203930498029002F0C5FB024652
:1064600002980021FCF792FE0498406903218907F5
:10647000FAF702F900280DD1FFE7049840690121DD
:106480008907FAF715F9002804D1FFE707A90120C9
:10649000087010E006980599039A0C9B049C246AE6
:1064A0000125ED076C40009400F0AAF8FFE707A96A
:1064B00000200870FFE707A8007808B0B0BD10B54D
:1064C00086B0089C05900491039202930498009072
:1064D0000298FAF735F901460098059A1268FCF718
:1064E00055FE039801900898FAF72AF90146019899
:1064F000059A5268FCF74AFE0498006AFAF754F9C4
:1065000002F044FA0398006AFAF74EF902F0A2FA90
:1065100006B010BDB0B58EB0039104460398139930
:10652000129D0C940B900A92099308A8017007A978
:106530000591002204920A70007801F07DFF069018
:106540000698FAF76FF9049A2C4BF9F7B5FFFAF7AA
:106550007DF9014605980691007800281DD0FFE7D7
:106560000B980C990A6800210291FCF70FFE029922
:106570000A980C9A5268FCF709FE0B98006AFAF721
:1065800013F902F003FA0A98006AFAF70DF902F01B
:1065900061FA0DA9012008702CE00B980090099871
:1065A000FAF7CEF80699F9F700FE014600980C9A22
:1065B0001268FCF7EBFD0A9801901298FAF7C0F800
:1065C0000699F9F743FE014601980C9A5268FCF7C8
:1065D000DDFD0B98006AFAF7E7F802F0D7F90A98A0
:1065E000006AFAF7E1F802F035FAFFE70DA900209A
:1065F0000870FFE70DA800780EB0B0BD0000F83FAE
:1066000010B58AB00C9C09900891079206930898DF
:1066100010498A680C99FCF7B9FD0998059007980C
:106620000290069803900898006A01900121C9071A
:106630004840FAF7B9F8014601980491FAF7B4F81E
:106640000299039A049B044605980094FFF737FFCC
:106650000AB010BDCC07202080B584B003A900206B
:10666000087001F09DFAFFE71248019002210091A5
:10667000FAF752FC01200290FDF7F4FF009901980F
:10668000FAF7AEFD0298FDF7EDFF01980299FAF7CF
:106690005CFD002801D0FFE708E0FFE70398401CFD
:1066A00003A90870C0B26428DEDBFFE701F09AFAA4
:1066B00004B080BD00000A4080B584B002A9087013
:1066C000002000900878FE2210400870C448242161
:1066D000405C002803D0FFE70020039045E0C0485D
:1066E000807A002804D1FFE70020C04303903CE0FB
:1066F000BB48017C01AA11700299827A1140017491
:10670000007C02A90978884204D0FFE70020C0433A
:10671000009002E000200090FFE702A80078002827
:1067200005D1FFE7AE48007D002804D0FFE7012037
:1067300001F0A0FD03E0002001F09CFDFFE702A8AE
:10674000007800280DD0FFE700F03EFC002807D0BD
:10675000FFE70198A24908740020C043039004E0B9
:10676000FFE7FFE700980390FFE7039804B080BDC0
:1067700083B001909A48407A009003281CD8009872
:10678000810001A04058874699670000A16700007A
:10679000A9670000B16700000199022008700FE0AE
:1067A0000199042008700BE001990820087007E0A7
:1067B00001991020087003E00020C04302900CE013
:1067C0008748C07C002805D0FFE701990878400081
:1067D0000870FFE700200290FFE7029803B07047BF
:1067E00083B001907E48407A009003281FD800981B
:1067F000810001A040588746096800001368000026
:106800001B680000256800000199012080030880B2
:1068100011E00199104808800DE001990120000362
:10682000088008E001990120C002088003E00020F0
:10683000C04302900CE0E948C07C002805D0FFE787
:106840000199088840080880FFE700200290FFE7D0
:10685000029803B07047C0469C1F000081B00090B2
:10686000DE48007C00990870002001B07047C046E7
:1068700082B00190D948007A009003281FD8009870
:10688000810001A04058874699680000A168000077
:10689000AB680000B56800000199FA20088012E09A
:1068A00001997D20800008800DE001997D20C000C5
:1068B000088008E001997D200001088003E001992B
:1068C00000200880FFE7002002B0704783B00190ED
:1068D000C248007A009003281CD80098810001A0CB
:1068E00040588746F5680000FD6800000569000013
:1068F0000D69000001990F4808600FE001990C48EC
:1069000008600BE001990948086007E00199064812
:10691000086003E00020C043029002E000200290E3
:10692000FFE7029803B070473333834133330342A8
:10693000000083420000034382B00190F148C07A16
:10694000009007282DD80098810001A04058874664
:10695000A169000071690000796900008169000087
:10696000896900009169000099690000A16900002F
:106970000199BC20088018E001996220088014E089
:1069800001992A20088010E00199142008800CE069
:1069900001990A20088008E001990520088004E098
:1069A000FFE7019900200880FFE7002002B0704750
:1069B00082B00090D3482421405C002804D0FFE737
:1069C0000020C043019007E0CE48C08900990880AC
:1069D000FFE700200190FFE7019802B07047C04632
:1069E0004800202080B588B005AB80201870C549CC
:1069F000486800780968897C012201F035FA00288E
:106A000004D0FFE70020C0430790E3E0642001F0DA
:106A1000FFF905AB00201870FE4948680078096846
:106A2000897C012201F020FA002804D0FFE7002031
:106A3000C0430790CEE0F749486800780968897D2F
:106A4000062205AB01F0F4F9002804D0FFE700208E
:106A5000C0430790BEE005A94879C007400FCA7837
:106A6000D207920F8018497801221140411804A8DA
:106A70000170007800281AD0FFE704A800780128E8
:106A800004D1FFE7E3490120C8740FE004A80078AF
:106A9000022804D1FFE7DF490020C87405E0FFE7C2
:106AA000FFE70020C043079094E0FFE730E0D949BA
:106AB000486800780968C978012205AB01F0B8F987
:106AC000002804D0FFE70020C043079082E005A81B
:106AD00001780F20014004A801700078002806D139
:106AE000FFE7FFE7FFE70020C043079072E004A83C
:106AF0000078042806D1FFE7FFE7FFE7C54901203A
:106B0000C87403E0C3490020C874FFE7FFE7FFE74C
:106B1000C0490291FF2088720A4608320872487202
:106B2000C8722F4BCB81087488740120087390764B
:106B300000200390D076487508750884C883888340
:106B400048830883C88210775077C8847D2000016D
:106B500000F0A2FD002804D0FFE70020C04307900A
:106B600038E0022000F0FAFB002804D0FFE7002004
:106B7000C04307902EE02A2000F03EFE002804D0FB
:106B8000FFE70020C043079024E0322000F09CFE85
:106B9000002804D0FFE70020C04307901AE000203F
:106BA000FFF78AFD002804D0FFE70020C0430790CC
:106BB00010E0002000F044FC002804D0FFE7002093
:106BC000C043079006E00020019000F0F3FE01981A
:106BD0000790FFE7079808B080BDC0464800202016
:106BE000FFFF000010B58EB00CAC20800B910AA8FE
:106BF000028009A80380F3482521405C002804D0C6
:106C0000FFE70020C0430D9079E00B98002804D1E5
:106C1000FFE70120C0430D9071E00020019008A91A
:106C20000880FFE708A800880CA90988884248DA8C
:106C3000FFE70CA8008808A90988401A112803DB7F
:106C4000FFE71020009006E00CA8008808A909883A
:106C5000401A0090FFE7009807A9088008A800885C
:106C600009880B9A121800F03DFF002804D0FFE7B6
:106C70000220C0430D9042E008A8008807A90988B7
:106C800003AA00F04BF9002804D0FFE70320C0431B
:106C90000D9034E00B9808A90988401807A90A88C4
:106CA00003A9F9F775FA002804D0FFE70420C043D0
:106CB0000D9024E0FFE707990898401808A908807C
:106CC000B0E70AA8407802AB18700A985870BD491E
:106CD000486800780968897E022201F0C5F800281A
:106CE00004D0FFE70520C0430D9008E0B5492522F8
:106CF000012088540998C88400200D90FFE70D9862
:106D00000EB010BD4800202080B586B0014604A812
:106D100001700078292804DBFFE70020C0430590BC
:106D200075E004A8007800281DD1FFE7002002903C
:106D300000F014FD029803AB187007205870A149A9
:106D4000486800780968897C022201F08DF80028E3
:106D500004D0FFE70020C043059058E09949002087
:106D60000875059053E0012000F0F8FC03A92020ED
:106D7000087004A80078012807D1FFE703A90020C4
:106D80004870052000F038FD20E004A800780528B0
:106D900007DCFFE703A901204870052000F02CFD67
:106DA00013E004A80078142807DCFFE703A90220F9
:106DB00048700A2000F020FD06E003A90320487077
:106DC000142000F019FDFFE7FFE7FFE703AB587859
:106DD0008001C01D58707B49486800780968897C2B
:106DE000022201F041F8002804D0FFE70020C04350
:106DF00005900CE0FB4A082090720020019010736F
:106E000001211175FFF758FC01980590FFE70598DF
:106E100006B080BD4800202080B586B004AB188045
:106E200003910292EF482421405C002804D1FFE73F
:106E30000020C04305906EE0EA48807A002804D123
:106E4000FFE70020C043059065E0E6494868007808
:106E50000968897A022201AB00F0EAFF002804D019
:106E6000FFE70020C043059055E00198000201A90A
:106E70004978411868460180008804A90988884239
:106E800006DAFFE7029900200870C043059042E04F
:106E900068460088D34949684988490888421DDD09
:106EA000FFE7D049486800780968497C012201ABB6
:106EB00000F0BEFF002804D0FFE70020C04305908B
:106EC00029E001A80078C006002806D5FFE700F0F9
:106ED0007BF80120C04305901DE0FFE7C1494868E9
:106EE00000780968C97A04AA1278039B00F0A0FF11
:106EF000002804D0FFE70020C04305900BE068465F
:106F0000008804A90988F9F7BDFC401E02990870A1
:106F100000200590FFE7059806B080BD80B586B0DB
:106F200004AB188003A8018002920298002804D1C3
:106F3000FFE70020C043059040E0AA48807A00287F
:106F400004D1FFE70120C043059037E004A8417851
:106F500001A8017004994170407803A9098840187C
:106F6000FC4949684989884204DDFFE70220C043A3
:106F7000059023E0F749486800780968097E0222F5
:106F800001AB00F071FF002804D0FFE70320C043ED
:106F9000059013E0EF49486800780968497D03AA25
:106FA0001278029B00F044FF002804D0FFE7042081
:106FB000C043059002E000200590FFE7059806B069
:106FC00080BDC0464800202080B582B0E148807A6C
:106FD000002804D1FFE70020C0430190FEE06B468B
:106FE00000201870DB49486800780968C97B0122D5
:106FF00000F03AFF002804D0FFE70020C0430190D2
:10700000ECE0D449486800780968497901226B4668
:1070100000F02AFF002804D0FFE70020C0430190C1
:10702000DCE0CC49486800780968097901226B46A0
:1070300000F01AFF002804D0FFE70020C0430190B1
:10704000CCE0FE482421405C002861D0FFE76B467D
:107050000C201870F94948680078096809790122FC
:1070600000F002FF002804D0FFE70020C043019099
:10707000B4E06946C0200870F048807AC007002854
:1070800006D0FFE700982021084369460870FFE713
:10709000EA49486800780968097901226B4600F0DE
:1070A000E3FE002804D0FFE70020C043019095E0F4
:1070B000E248407C002804D0FFE7694602200870BF
:1070C00003E0694600200870FFE7DC494868007863
:1070D0000968C97B01226B4600F0C6FE002804D077
:1070E000FFE70020C043019078E06B460020187055
:1070F000D2494868007809684979012200F0B4FE55
:10710000002804D0FFE70020C043019066E062E061
:107110006B4604201870C9494868007809680979E5
:10712000012200F0A1FE002804D0FFE70020C043A8
:10713000019053E0C148807C002806D1FFE7BF489A
:10714000807AC007002804D1FFE769464020087014
:1071500003E0694660200870FFE7B8494868007896
:107160000968097901226B4600F07EFE002804D0F0
:10717000FFE70020C043019030E0B048407C002889
:1071800004D0FFE769460120087003E0694600204B
:107190000870FFE7A949486800780968C97B01229F
:1071A0006B4600F061FE002804D0FFE70020C043DA
:1071B000019013E0A14B58680078196849791033A1
:1071C000012200F051FE002804D0FFE70020C04358
:1071D000019003E0FFE700200190FFE7019802B073
:1071E00080BDC0464800202080B594B01390129115
:1071F00011A902200870F9482421405C002807D01A
:10720000FFE7002000F0ECF969460120087003E078
:10721000694600200870FFE703A8FFF729FB06A8CE
:10722000FFF7A6FA01A8FFF787FB02A8FFF7C0FB4C
:10723000EA48807A04A9087005A8FFF70FFB002030
:107240000890FFE7089801280EDCFFE713981299D1
:107250000022FEF73DFA002801D1FFE704E0FFE736
:107260000898401C0890EDE70898022803D1FFE732
:10727000002007903EE000200890FFE708980128D2
:107280000EDCFFE70EA80BA90122FEF721FA002869
:1072900001D1FFE704E0FFE70898401C0890EDE704
:1072A0000898022803D1FFE70020079022E01298F7
:1072B0000BA9FDF7C9F80AA9087013980EA9FEF7E3
:1072C00063FC014609A8017000210791007800289D
:1072D00005D1FFE70798012108430790FFE70AA8B7
:1072E0000078002805D1FFE707980221084307909E
:1072F000FFE7FFE7E749FF2008724872C872164AA5
:10730000CA81887208740120087303A8008800F0FD
:10731000C3F906A8007800F021F801A8008800F061
:107320006BFA02A8008800F0CFFA04A8007800F0F9
:1073300041FB05A80078FFF7BFF9684600780028F0
:1073400004D0FFE7012000F04BF9FFE7079814B0E5
:1073500080BDC04648002020FFFF000080B584B0FB
:1073600002A90870FC48807A002804D1FFE70020B9
:10737000C04303905FE002A80078801E00900E28B2
:1073800032D80098810001A040588746C973000098
:10739000E9730000D1730000E9730000E973000095
:1073A000E9730000D9730000E9730000E97300007D
:1073B000E9730000E9730000E9730000E97300005D
:1073C000E9730000E173000001A9002008700FE0DC
:1073D00001A9082008700BE001A91020087007E03F
:1073E00001A91820087003E00020C043039022E0A8
:1073F000D948407A01A90978C908884203D1FFE732
:107400000020039017E0FB49486800780968C979B3
:10741000012201AB00F028FD002804D0FFE7002086
:10742000C043039007E001A80078C008F149487202
:1074300000200390FFE7039804B080BD480020209F
:1074400080B584B002A90870EA48807C0978884237
:1074500003D1FFE700200390BDE002A800780028D8
:1074600053D0FFE7E34948680078096809790122A9
:1074700001AB00F0DDFC002804D0FFE70020C04392
:107480000390A8E001AB1878DF2108401870D949B3
:107490004868007809680979012200F0E5FC0028B5
:1074A00004D0FFE70020C043039094E0032000F0E5
:1074B000AFFC01A902200870CE482221405C0028C0
:1074C00006D0FFE701988021084301A90870FFE773
:1074D000FC482321405C002806D0FFE701983021BA
:1074E000084301A90870FFE7F64948680078096871
:1074F000097D012201AB00F0B7FC002804D0FFE7B2
:107500000020C043039066E05FE0EE4948680078E1
:1075100009680979012201AB00F08AFC002804D037
:10752000FFE70020C043039055E0E648807AC0079B
:10753000002806D0FFE701982021084301A9087020
:1075400005E001A90878DF2210400870FFE7DD4957
:107550004868007809680979012201AB00F084FCD1
:10756000002804D0FFE70020C043039033E003204D
:1075700000F04EFCD3482221405C002804D0FFE7F5
:1075800001A98020087003E001A900200870FFE72E
:10759000CC482321405C002806D0FFE70198302129
:1075A000084301A90870FFE7C649486800780968E0
:1075B000097D012201AB00F057FC002804D0FFE751
:1075C0000020C043039006E0FFE70298F749887463
:1075D00000200390FFE7039804B080BD48002020FE
:1075E00080B588B006A90870F0482422805C09782C
:1075F000884203D1FFE70020079047E006A8007803
:1076000000282AD0FFE7E9482521405C002804D162
:10761000FFE70020C043079038E00020029000F010
:1076200029FE0298FFF70CFFE0480390C08C00F0A1
:107630004BF90299039805AB197040680078232133
:107640000122049200F010FC03990498242288542B
:1076500000F010FEFFF7B8FC15E00020019000F0EC
:1076600009FED2480090017C05AB19704068007893
:107670002321012200F0F8FB00990198242288546C
:10768000FFF7A2FCFFE700200790FFE7079808B08C
:1076900080BDC0464800202080B584B002A9088083
:1076A000C248807A002804D1FFE70020C04303903D
:1076B0004EE002A800880090FA2812D0FFE7009858
:1076C0007D218900884210D0FFE700987D21C90004
:1076D00088420ED0FFE700987D21090188420CD036
:1076E0000FE001A9002008700FE001A90820087030
:1076F0000BE001A91020087007E001A9182008700C
:1077000003E00020C043039022E0F548007A01A97D
:107710000978C908884203D1FFE70020039017E0E9
:10772000EF494868007809688979012201AB00F0C7
:107730009BFB002804D0FFE70020C043039007E034
:1077400001A80078C008E649087200200390FFE70E
:10775000039804B080BDC0464800202080B584B0A6
:1077600002A90870DE482322805C0978884203D190
:10777000FFE7002003903AE002A80078002804D038
:10778000FFE701A93020087003E001A9002008707C
:10779000FFE7FE48807C002806D0FFE70198022121
:1077A000084301A90870FFE7F8482221405C00283F
:1077B00006D0FFE701988021084301A90870FFE780
:1077C000F249486800780968097D012201AB00F0A0
:1077D0004BFB002804D0FFE70020C043039006E0E5
:1077E0000298EA492322885400200390FFE7039877
:1077F00004B080BD4800202080B584B002A9088074
:10780000E248807A002804D1FFE70020C0430390BB
:1078100054E002A80088BC2804DBFFE701A901208E
:1078200008702BE002A80088622804DBFFE701A9AA
:107830000220087021E002A800882A2804DBFFE764
:1078400001A90320087017E002A80088142804DBAF
:10785000FFE701A9042008700DE002A800880A28AB
:1078600004DBFFE701A90520087003E001A9062059
:107870000870FFE7FFE7FFE7FFE7FFE7C348C07ACD
:1078800001A90978884203D1FFE70020039015E0A1
:10789000BE494868007809688978012201AB00F088
:1078A000E3FA002804D0FFE70020C043039005E07E
:1078B0000198B649C87200200390FFE7039804B00E
:1078C00080BDC0464800202080B584B002A9088051
:1078D000AE48807A002804D1FFE70020C04303901F
:1078E00061E0AA482421405C002804D0FFE7002082
:1078F000C043039057E0A548007D002815D0FFE75E
:1079000002A8008800280CD0FFE702A800882828D9
:1079100007DCFFE702A80078FFF7F6F900200390E4
:1079200041E00020FFF7F0F9FFE702A800880328F4
:1079300004DCFFE702A9042008800BE002A800880D
:107940001B49884205DBFFE77D20C00002A90880B3
:10795000FFE7FFE702A801887D20C000F8F792FF4B
:10796000401E01AB18708949486800780968497859
:10797000012200F079FA002804D0FFE70020C0437C
:10798000039010E001A80078411C7D20C000F8F7AA
:1079900079FF01467D48C181C0894008FFF72CFF6F
:1079A00000200390FFE7039804B080BD480020202A
:1079B000E903000080B584B0014602A80170007898
:1079C0004006400F002804D0FFE701A901200870FD
:1079D0000DE002A80078002804D0FFE701A90020EC
:1079E000087003E001A940200870FFE7FFE767493E
:1079F000486800780968897C012201AB00F034FAFC
:107A0000002806D0FFE7614900208872C043039038
:107A100063E001A90878BF2210405C4A107300207F
:107A2000087002A800784006002806D4FFE70198F5
:107A30000421084301A90870FFE702A80078800626
:107A4000002806D4FFE701980221084301A9087025
:107A5000FFE702A80078C006002806D4FFE70198D7
:107A60000121084301A90870FFE702A80078000778
:107A7000002806D4FFE701983821084301A90870BF
:107A8000FFE74249486800780968C97C012201ABD8
:107A900000F0EAF9002806D0FFE73C490020887290
:107AA000C043039019E002A80078002809D0FFE73E
:107AB00002A80078082804D0FFE70020FFF74EFE58
:107AC000FFE7029831498872002000900875322043
:107AD00000F09EF900980390FFE7039804B080BD82
:107AE0004800202080B586B004AB188003A8018030
:107AF00002920298002804D1FFE70020C0430590BD
:107B000040E02248807A002804D1FFE70020C043EB
:107B1000059037E004A8417801A8017004994170EC
:107B2000407803A90988401818494968498988425A
:107B300004DDFFE70020C043059023E013494868B7
:107B400000780968097E022201AB00F08DF9002857
:107B500004D0FFE70020C043059013E00B494868BC
:107B600000780968497D03AA1278029B00F07CF92D
:107B7000002804D0FFE70020C043059002E0002069
:107B80000590FFE7059806B080BDC046480020205C
:107B900081B0009000990020086001B0704700009B
:107BA00080B586B09948F9F7EBFB01200290F9F710
:107BB00047FA0298002205920092C304104611462B
:107BC000F9F71CFA0648039002210491F9F7A4F989
:107BD00003980499F9F7DAF9059806B080BDC04614
:107BE00000000A4080B586B088480490F9F7C8FBC9
:107BF00000230593019301200390C004029000909C
:107C0000032118461A46F9F755FA02980399059B7D
:107C10000193009008461A46F9F74CFA0598F9F7CF
:107C200091F90398F9F78EF90498F9F729FBFBF716
:107C3000DDFD059806B080BD10B58CB00AAC207093
:107C400009A8017008A80270079300210691007826
:107C5000002804D1FFE70020C0430B9071E005A885
:107C6000FFF796FF09A8017868480190F9F73CFCF6
:107C70000198354A202111600121F9F7C9FAFFE77F
:107C80006248F9F739FB8006002801D4FFE7F7E7DF
:107C90000AA8017808A803785C480122F9F7FCFBE0
:107CA000FFE75A48F9F74CFB002814D1FFE7574883
:107CB000F9F754FB03A90870069808A909788842C7
:107CC00008D2FFE703980799069A88540698401C43
:107CD0000690FFE7FFE7FFE74C480121F9F716FBA5
:107CE0000028DED0FFE7FFE74848F9F729FB002826
:107CF00014D1FFE74548F9F731FB02A9087006984F
:107D000008A90978884208D2FFE702980799069ADD
:107D100088540698401C0690FFE7E5E70A490020D2
:107D200008603A48F9F7CEFA069808A90978884217
:107D300003D1FFE700200B9003E00120C0430B902C
:107D4000FFE70B980CB010BD14120F4010B58CB0AB
:107D50000AAC207009A8017008A802700793017886
:107D60000691079905910078002803D1FFE70020CC
:107D70000B9048E004A8FFF70BFF09A801782348FF
:107D80000190F9F7B1FB01980221F9F741FAFFE7F9
:107D90001E48F9F7B1FA8006002801D4FFE7F7E79B
:107DA0000AA8017808A80078431C18480022F9F7AF
:107DB00073FBFFE7059906A802881448F9F76CFAE7
:107DC000029002990698401A069002990598401868
:107DD000059003A8FFF7DCFE039804990A31884256
:107DE00006D3FFE7FEF738FC0020C0430B900AE003
:107DF000FFE706480221F9F789FA0028DAD0FFE701
:107E000000200B90FFE70B980CB010BD00000F4056
:107E100080B582B0014601A80180214909684969FD
:107E20000088884702B080BD81B0009001B07047E3
:107E3000B0B586B001931446019A0B46014605A8D9
:107E4000017004A90B7003AB1C700292144A1268F3
:107E50001469007840000978029A1B78C8250095BB
:107E6000A04706B0B0BDC046B0B586B00193144679
:107E7000019A0B46014605A8017004A90B7003ABDB
:107E80001C700292064A1268D46800784000097893
:107E9000029A1B78C8250095A04706B0B0BDC04621
:107EA00040002020B0B58AB00C4605460F990E98C8
:107EB0000995089407920693059104900020039079
:107EC000FFE70398072840DCFFE7099803994A0079
:107ED000805A0799895A884204DAFFE702A90020EC
:107EE000088016E00998039901914A00805A079981
:107EF000895A401AF8F736FC019B089ADC001319DE
:107F000012595B68F8F7D8FAF8F768FC02A90880FC
:107F1000FFE702A80088F8F725FC049A059BF8F70C
:107F2000E3FB002807D1FFE704980599F8F756FC12
:107F300002A90880FFE702980699039A5200885226
:107F4000FFE70398401C0390BBE70AB0B0BD80B5C3
:107F50008AB006A803A9FFF747F9099009980728EE
:107F600036D1FFE702A8FEF7B1FC0698F8F7E8FB68
:107F70000299F8F773F9F8F717FC06900798F8F7E5
:107F8000DFFB0299F8F76AF9F8F70EFC07900898FA
:107F9000F8F7D6FB0299F8F761F9F8F705FC0890B5
:107FA00006A8FCF745FF01A80090FEF719FC009811
:107FB0000188039A514303910188049A5143049123
:107FC000008805994843059003A8FCF761FEFFE788
:107FD0000AB080BD80B584B04B480078002823D11A
:107FE000FFE70120810602919B48F9F7B9F8029951
:107FF000884207D1FFE74449012008704349002027
:10800000087010E00120410601919348F9F7A8F8A3
:108010000199884206D1FFE73B49012008703B499E
:108020000870FFE7FFE7FFE737480078012862D1D3
:10803000FFE7364800780090002804D0FFE700985A
:1080400001282BD056E0012081068348F9F788F8F3
:10805000002815D1FFE72C49002008702D48007832
:108060000A2807DBFFE72B490020087003A902203C
:10807000087044E027490020087003A908703EE01A
:1080800024480178491C01700078FB2804DBFFE7D5
:108090002049FA200870FFE7FFE72BE001204106A6
:1080A0006D48F9F75DF8002816D1FFE71649002062
:1080B0000870174800780A2807DBFFE714490020FA
:1080C000087003A90320087019E011490020087006
:1080D00003A90120087012E00D480178491C0170C5
:1080E0000078FB2804DBFFE70949FA200870FFE766
:1080F000FFE7FFE7FFE703A904200870FFE703A8F5
:10810000007804B080BDC0468A0020208B0020206B
:10811000890020208800202080B590B000200F909A
:108120000E900D900C90FFE70120810609914A48BE
:10813000F9F700F80999884230D0FFE74B4A202030
:1081400006900021089108230793FAF75BFE069931
:10815000079B474A0846FAF755FE0CA8F9F73EFF79
:1081600008980B90FFE70B98072811DCFFE70B99A5
:10817000C8004A000CA98A5A0621009101B20020C9
:108180000423FAF78FFDFFE70B98401C0B90EAE7FA
:10819000FAF764FE0A20FCF765FAC5E72F490D9847
:1081A00088800C9808800CA8C288CA8040884880C3
:1081B000FAF78AFAFAF752FEFFE701204106059125
:1081C0002548F8F7B7FF0599884230D0FFE7254AE0
:1081D000202002900021049108230393FAF712FE55
:1081E0000299039B204A0846FAF70CFE0CA8F9F7FF
:1081F000F5FE04980A90FFE70A98072811DCFFE7CC
:108200000A99C8004A000CA98A5A0621009101B2B5
:1082100000200423FAF746FDFFE70A98401C0A9065
:10822000EAE7FAF71BFE0A20FCF71CFAC5E70C493F
:108230000D9888800C9808800CA8C288CA80408855
:108240004880FAF741FAFAF709FE7D208000FCF732
:1082500009FA10B080BDC04600000A40740020201A
:1082600020002020C7B30000B2B30000BDB300005F
:10827000A7B3000080B584B002A90870314824215A
:10828000405C002821D0FFE702A80078002804D035
:10829000FFE701A90220087003E001A9002008708F
:1082A000FFE72849486800780968C97B012201ABCB
:1082B000FFF7DAFD002804D0FFE70020C043039059
:1082C0003DE001981F49487436E01E48807A002836
:1082D00004D1FFE70020C043039030E002A80078FB
:1082E000002808D0FFE71748407C002803D0FFE7AC
:1082F0000020039023E002A80078002804D0FFE7C4
:1083000001A90120087003E001A900200870FFE71F
:108310000C49486800780968C97B012201ABFFF766
:10832000A3FD002804D0FFE70020C043039006E02F
:10833000019804494874FFE700200390FFE7039881
:1083400004B080BD4800202080B586B0059004A808
:10835000017005983549884201D3FFE729E004A858
:108360000078642805DCFFE704A80078002801D520
:10837000FFE71EE010480190F9F702FC05992D482F
:10838000F8F780FA0390039904A800784843642121
:10839000F8F778FA0146019802910399F9F7D0FBB2
:1083A000019802990122F9F799FB0198F9F7DEFB90
:1083B000FFE706B080BDC04600A0864080B586B00D
:1083C000059004A8017005981849884201D3FFE779
:1083D00029E004A80078642805DCFFE704A80078F9
:1083E000002801D5FFE71EE011480190F9F7C8FB0E
:1083F00005991048F8F746FA0390039904A8007805
:1084000048436421F8F73EFA014601980291039926
:10841000F9F796FB019802990022F9F75FFB0198A2
:10842000F9F7A4FBFFE706B080BDC04611270000A6
:108430000040084050C3000084B0024603A8027008
:1084400002910021019100780090FF2800D176E28E
:108450000098810001A040588746C046318900003D
:10846000258900003F890000F58800003F89000051
:108470003F8900003F890000E98800003F89000033
:108480003F8900003F8900003F8900003F890000CC
:108490003F8900003F890000D18800003F8900002B
:1084A0003F8900003F8900003F8900003F890000AC
:1084B0003F8900003F8900003F8900003F8900009C
:1084C0003F8900003F8900003F8900003F8900008C
:1084D0003F8900003F890000B78800003F89000005
:1084E0003F8900003F8900003F8900003F8900006C
:1084F0003F8900003F8900003F8900003F8900005C
:108500003F8900003F8900003F8900003F8900004B
:108510003F8900003F8900003F8900003F8900003B
:108520003F8900003F8900003F8900003F8900002B
:108530003F8900003F8900003F8900003F8900001B
:108540003F8900003F8900003F8900003F8900000B
:108550003F8900003F8900006B8800003F890000D0
:108560003F8900003F8900003F8900003F890000EB
:108570003F8900003F8900003F8900003F890000DB
:108580003F8900003F8900003F8900003F890000CB
:108590003F8900003F8900003F8900003F890000BB
:1085A0003F8900003F8900003F8900003F890000AB
:1085B0003F8900003F8900003F8900003F8900009B
:1085C0003F8900003F8900003F8900003F8900008B
:1085D0003F8900003F8900003F8900003F8900007B
:1085E0003F8900003F8900003F8900003F8900006B
:1085F0003F8900003F8900003F8900003F8900005B
:108600003F8900003F8900003F8900003F8900004A
:108610003F8900003F8900003F8900003F8900003A
:108620003F8900003F8900003F8900003F8900002A
:108630003F8900003F8900003F8900003F8900001A
:108640003F8900003F8900003F8900003F8900000A
:108650003F8900003F8900009788000019890000C9
:108660003F8900003F8900003F8900003F890000EA
:108670003F8900003F8900003F8900003F890000DA
:108680003F8900003F8900003F8900003F890000CA
:108690003F8900003F8900003F8900003F890000BA
:1086A0003F8900003F8900003F8900003F890000AA
:1086B0003F8900003F8900003F8900003F8900009A
:1086C0003F8900003F8900003F8900003F8900008A
:1086D0003F8900003F890000658800003F89000055
:1086E0003F8900003F8900003F8900003F8900006A
:1086F0003F8900003F8900003F8900003F8900005A
:108700003F8900003F8900003F8900003F89000049
:108710003F8900003F8900003F8900003F89000039
:108720003F8900003F8900003F8900003F89000029
:108730003F8900003F8900003F8900003F89000019
:108740003F8900003F8900003F8900003F89000009
:108750003F8900003F890000918800000D890000DA
:108760003F8900003F8900003F8900003F890000E9
:108770003F8900003F8900003F8900003F890000D9
:108780003F8900003F8900003F8900003F890000C9
:108790003F8900003F8900005F8800003F8900009A
:1087A0003F8900003F8900003F8900003F890000A9
:1087B0003F8900003F8900003F8900003F89000099
:1087C0003F8900003F8900003F8900003F89000089
:1087D0003F8900003F8900008B880000018900006C
:1087E0003F8900003F8900003F8900003F89000069
:1087F0003F8900003F890000598800003F89000040
:108800003F8900003F8900003F8900003F89000048
:108810003F8900003F89000083880000DD88000058
:108820003F8900003F890000718800003F890000F7
:108830003F8900003F8900009D880000C588000036
:10884000778800003F890000A58800007D8800002F
:10885000AB880000B18800000020019073E044481C
:10886000019070E0484801906DE0464801906AE050
:108870004348019067E04148019064E03E48019020
:1088800061E00120800701905DE03A4801905AE0E4
:108890003748019057E03548019054E003208007A5
:1088A000019050E02E4801904DE02F4801904AE0A1
:1088B0002C48019047E002990120087041200006F1
:1088C000019040E0029901200870254801903AE0AB
:1088D0000299012008702048019034E0029901209B
:1088E00008701E4801902EE00299012008701A4875
:1088F000019028E00299012008701748019022E0B9
:10890000029901200870154801901CE0029901208D
:1089100008701248019016E00299012008700F4873
:10892000019010E00299012008700B4801900AE0C4
:1089300002990120087007480068019003E005488B
:1089400000680190FFE7019802490860019804B0AF
:108950007047C046C409202000005041000050C1AB
:10896000000040C00000E0C0000090C00000E040F7
:1089700000006040000040400000C0C00000A0C0F7
:10898000000060C00000C0400000A04080B584B07E
:10899000014603A801800021405E6549884205DB4D
:1089A000FFE77D20C00003A9088050E0002103A854
:1089B000405E6049884204DCFFE703A96048088004
:1089C00044E0002103A8405E00280FD1FFE75A4889
:1089D00002908021F8F7F0FB02984021F8F7ECFBB9
:1089E000564800221146F9F779F82EE0002103A835
:1089F000405E002810D4FFE74F4801908021F8F72F
:108A0000DBFB01984021F8F773FA002203A8815E8E
:108A10004A48F9F763F817E0002103A8405E0028F0
:108A200011D5FFE7444800904021F8F7C5FB0098B6
:108A30008021F8F75DFA002203A8805E41423F489A
:108A4000F9F74CF8FFE7FFE7FFE7FFE7FFE704B0C0
:108A500080BDC04680B588B0014607A801800021CE
:108A6000405E3349884205DBFFE77D20C00007A94F
:108A700008805BE0002107A8405E2E49884204DCA4
:108A8000FFE707A92E4808804FE0002107A8405EB5
:108A9000002812D1FFE701200690410226480590E8
:108AA000F8F78AFB059806990902F8F785FB069AFC
:108AB00022480021F9F712F836E0002107A8405EAD
:108AC000012814DBFFE70120049001021A480390FB
:108AD000F8F772FB039804994902F8F709FA049A27
:108AE000002107A8415E1548F8F7F8FF1BE00021B8
:108AF00007A8405E002815D5FFE70120029041023B
:108B00000D480190F8F758FB019802990902F8F70F
:108B1000EFF9029A002107A8405E41420748F8F7A2
:108B2000DDFFFFE7FFE7FFE7FFE7FFE708B080BDF6
:108B3000E903000017FCFFFF00200A400000864008
:108B400018FC000010B584B0069C039002910192BD
:108B500000930298FCF7BAFC0198FAF7D3FA009850
:108B6000FAF7D0FA0698FAF7CDFA0649012008700C
:108B700003980549F7F772FBF7F716FE03490860FB
:108B800004B010BDB3042020549A0E42CC0920201A
:108B900010B586B0099C089C05AC00942080049117
:108BA000039202930498FCF791FC0298FAF7AAFA50
:108BB0000898FAF7A7FA0398FAF7A4FA0998FAF7C7
:108BC000A1FA00981E49096A01910021405EF7F759
:108BD000B7FD01460198F7F7E8FAF7F7E5FD174901
:108BE000086006B010BDC04680B582B0134800686A
:108BF000F7F7A6FD1249096AF7F728FB0190FFE78E
:108C000001981049F7F738FD002806D1FFE70198D1
:108C10000F49F7F7CAFA0190F2E7FFE701980A490E
:108C2000F7F746FD002806D1FFE701980749F7F757
:108C3000BCFA0190F2E7019802B080BDD40920206F
:108C4000CC07202000003443000034C30000B443AC
:108C50000000B4C30FB410B503A9044B044A029832
:108C600000F08EF910BC08BC04B01847AD550000E8
:108C70000000202037B514460846064B6A462146B8
:108C800000F07EF904466946002000F015FD2046FC
:108C90003EBD0000B99600002021020C01D0102139
:108CA0001046020A01D010460839020901D01046C8
:108CB000091F820801D01046891E420801D0881E73
:108CC0007047081A704700004900CA0202431000AA
:108CD00000D004204A0D01D001221043044A490D5E
:108CE000914201D102210843012800D1052070479B
:108CF000FF070000F8B504464F1EC80008382118C9
:108D000015461E46086849683A4606239A4310D01D
:108D10002A463346F7F7D0FB3A46D200083AA31862
:108D20001A687F1E5B68F7F715FB06223B469343E4
:108D3000EED1022F23D0042F11D0062F2FD12A4697
:108D40003346F7F7B9FBE36AA26AF7F703FB2A4653
:108D50003346F7F7B1FB636A226AF7F7FBFA2A4654
:108D60003346F7F7A9FBE369A269F7F7F3FA2A4656
:108D70003346F7F7A1FB63692269F7F7EBFA2A4656
:108D80003346F7F799FBE368A268F7F7E3FA2A4658
:108D90003346F7F791FB63682268F7F7DBFAF8BD13
:108DA00010B50122F7F7BAFE10BD10B5F7F7D2FAE9
:108DB00010BD002210B5134610461146F7F7E4FB2C
:108DC00010BD0000034A10B500201107F7F7A6FEFA
:108DD00010BD000001FDFFFF02E008C8121F08C11E
:108DE000002AFAD170470000704700000000000020
:108DF000002001E001C1121F002AFBD170470000D2
:108E0000014908607047000004002020F0B51FB43D
:108E100086B00998089A030D0021024314D05148E6
:108E2000514A1818504305141198012810981AD067
:108E3000281A401C00264D4F4D4900960191049080
:108E4000002812DA444211E01198012449A30128B4
:108E500001D11098C1430698119A84600360C260E2
:108E600041600BB0F0BD4042E4E70446210500201C
:108E70003F4A001C51410391029012E0E00707D0E5
:108E800032463B4601990098F7F716FB0191009096
:108E900032463B4610461946F7F70EFB06460F468C
:108EA0006410002CEAD10498039B0028029A0999C7
:108EB000089806DAF7F700FB019B009AF7F7FCFA2F
:108EC00005E0F7F761FB019B009AF7F75DFB0446AD
:108ED0000E460022284BF7F76BFE03D80020C04354
:108EE000014607E00022254B20463146F7F732FACB
:108EF000F7F72AFE102409E0002C0ADB0A220023DF
:108F0000F7F708FD079B30321A55641E02460A43E4
:108F1000F2D11122641C079B121B1C19119B012BFF
:108F200003D0012308430ED10AE0084304D01120E6
:108F300010900020119077E71098151A6D1E0BE025
:108F40001098824202DD00236D1C03E0824201DAA8
:108F500000236D1E002BEED0069811998260C1602F
:108F600030C07EE701FCFFFF104D00000000144000
:108F70000000F03F300000000000F0430000E03F40
:108F8000FFB597B00646002518E2252877D10024C2
:108F90002746FD49049400E00443761C3278012002
:108FA000203A90400842F7D130782A280ED0022289
:108FB000307801463039092916D804990A235943D3
:108FC000303940181443761C0490F1E7189802C811
:108FD00004911890002904DA012040030443484218
:108FE000049002200443761C30782E2814D10420EB
:108FF00004437078761C2A2809D11898761C80C8FA
:10900000189009E00A214F43303FC719761C307889
:10901000014630390929F5D930786C2810D006DCA2
:109020004C281AD068280ED06A2817D104E074287A
:1090300013D07A2812D110E00120400504430CE03F
:109040000121090501E0032109050C4371788142E2
:1090500003D1012000052418761C761C307811906D
:1090600066280BD013DC58287DD009DC00287BD083
:109070004528F6D04628F4D047281AD1A5E118E0B3
:10908000632835D0642870D0652812D19DE17028FE
:109090006CD008DC6728F1D069287BD06E280DD011
:1090A0006F2806D1BAE073282ED0752871D07828A1
:1090B00059D01A9A199990476D1C7EE16002400FB1
:1090C000022809D003280DD00428189801680DD073
:1090D0000D60001D189070E11898EA1701680D6086
:1090E0004A60F6E7189801680D80F2E70D70F0E726
:1090F00018986A4601781172001D1890002050726D
:1091000002A80090012005E0189802C818900020DD
:109110000091C04361070DD5002101E00199491C70
:109120000191B94212DA8142F8DB009A515C0029C0
:10913000F4D10BE0002101E00199491C0191814229
:10914000FADB019A0099895C0029F5D1019904980C
:109150001A9B471A21463846199A00F097FA019946
:10916000401945180BE04FE02CE113E04EE0009869
:1091700000990078491C00911A9A19999047019812
:10918000401E0190401CF2D1214638461A9B199A84
:1091900010E137E00A200021009001916002410FA8
:1091A000022907D0189A01CA1892C21794460329B7
:1091B00008D00AE01898C01DC108C90005C9189157
:1091C000944607E000B2C2179446042902D140B287
:1091D000C1178C4600226146944506DA0A460021F2
:1091E000404291418C462D2102E0210504D52B21DE
:1091F0006A461173012103E0E10701D02021F7E75E
:10920000029155E00A200AE0102008E010200090AA
:109210000021042004430191082703E008200021D5
:10922000019100906002410F022907D0189A01CAEB
:10923000189200229446032908D008E01898C01D0F
:10924000C108C90005C91891944603E080B20429F9
:1092500000D1C0B200210291210729D511997029AE
:1092600006D0009A1021019B4A401A4305D00EE017
:1092700040216A461173012108E06146014306D08E
:1092800030216A4611731199517302210291009A9B
:109290000821019B4A401A430AD16146014301D18A
:1092A000610705D530216A46117301217F1E0291A5
:1092B0001199582904D035A10E910DA90D910DE0F9
:1092C00037A1F9E76146019B009AF7F723FB0E9B54
:1092D0008C469B5C0D9A521E0D92137061460143A1
:1092E000F0D10D9805A9081A20300190600703D528
:1092F00001200004844300E001270198874201DD3A
:10930000381A00E0002001990090411802980918CD
:109310000498401A0490E00306D421461A9B199A37
:10932000049800F0B3F94519002706E003A81A9A3B
:10933000C05D199990476D1C7F1C02988742F5DB30
:10934000E0030CD521461A9B199A049800F09EF967
:10935000451904E01A9A3020199990476D1C00991C
:10936000481E00900029F5DC08E00D980D99007862
:10937000491C0D911A9A199990476D1C0199481E24
:1093800001900029F1DC63E109280100303132331A
:109390003435363738396162636465660000000031
:1093A000303132333435363738394142434445461B
:1093B0000000000000F05AF94519761C30780028AA
:1093C00000D0E2E528461BB0F0BD600700D40627B8
:1093D0001898C01DC108C90048680A680831C30F41
:1093E000DB071891190001D09CA108E0210501D5E7
:1093F0009BA104E0E10701D09AA100E09AA14300FB
:1094000011985B08109165280CD006DC452809D01E
:1094100046281DD0472841D141E0662818D067284A
:109420003CD13CE00021112F01DB112000E0781C31
:109430000191009008A911A8FFF7E8FC1399059184
:109440000021119A15927F1C12980197009150E00B
:109450000120C00703900120019008A9009711A8DE
:10946000FFF7D4FC139A149905920022119B0092E5
:1094700012981593059A0192002901D0104602E036
:10948000791C40180190381A01D5019804E0404237
:10949000401E0090781C0190C01B029043E0012FF9
:1094A00000DA01270021112F01DD112000E03846EC
:1094B0000191009008A911A8FFF7A8FC1399059144
:1094C000119A0021129815920091019721070CD44E
:1094D0000599B94201DB019900E00191012904DD00
:1094E000159A491E515C302906D0B84201DA011D97
:1094F00005DA0121029115E00199491EEDE70028E6
:1095000005DC0099411800910199091A03E0019ABC
:10951000411C914200DD01910099401A401C0290CB
:109520000120C0070390200706D4029901988142C8
:1095300002DB0020C043029000206946C87707AFD5
:10954000012103980337C907884224D002201190D3
:109550002B201290039800280CDA404203902D2013
:10956000129007E00A210398F7F78CF930317F1E3B
:10957000039039701199481E11900029F2DC03986C
:109580000028EFD1791E1298087030782021084009
:109590004530BF1E387006A8C01BC01D0390109830
:1095A0000078002800D00120019941180298C017C6
:1095B0000918039809180498401A401E0490E00303
:1095C00006D421461A9B199A049800F05FF84519B1
:1095D00010980078002803D01A9A199990476D1CAA
:1095E000E00324D521461A9B199A049800F04EF8FE
:1095F00045191CE00098002807DB0099059888426F
:1096000003DD1598405C199901E0199930201A9AE8
:10961000904700986D1C401C00900298401E0290DC
:10962000002804D11A9A2E20199990476D1C01998F
:10963000481E01900029DDDC05E038781A9A7F1C6D
:10964000199990476D1C0399481E03900029F4DC7A
:1096500021461A9B199A0498ACE600002D000000E0
:109660002B0000002000000000000000F8B50446B8
:1096700000251E461746880404D405E039462020FC
:10968000B0476D1C641EF9D52846F8BDFFB50446E9
:10969000002581B01E46C80301D5302700E02027F1
:1096A000880404D505E038460399B0476D1C641E54
:1096B000F9D5284605B0F0BD0A68531C0B60107040
:1096C00070470000F0B504464F008E488FB07F0809
:1096D0000D460D91874228DB4042381820430CD0BC
:1096E0008948874203DC874218D1002C16D02046D7
:1096F0002946FFF755FB0FB0F0BD844A844B204646
:109700002946F6F7D9FE07460E46824A824B204686
:109710002946F6F7D1FE3A46334649E00120FFF7E5
:109720006FFBFFF746FB0FB0F0BD7C48874243DA82
:10973000F920800587420BDA20462946FFF7C4FA54
:10974000042801D1FFF73EFB204629460FB0F0BDAB
:1097500022462B4610462946F6F7AEFE064602463E
:109760006F480F460B4606217844FFF7C3FA32468E
:109770003B46F6F7A1FE06906A48079132463B4603
:1097800004217844FFF7B6FA32463B46F6F794FEDA
:1097900000225C4BF6F7DEFD02460B460799069861
:1097A000F6F7F2FE22462B46F6F786FE22462B46B9
:1097B000F6F7D0FD0FB0F0BD2046524C69004908C5
:1097C00000222346F6F770FE0022D243F7F7A6F9EF
:1097D0000546024654480E460B4606217844FFF7DC
:1097E00089FA2A463346F6F767FE06904F480791F6
:1097F0002A46334604217844FFF77CFA2A4633464A
:10980000F6F75AFE00222346F6F7A4FD05910490D0
:109810002846314600F06CFA089045480C468742CD
:1098200019DB059B049A07990698F6F7ADFE0246E8
:109830000B4621460898F6F73FFE2346089AF6F7AE
:1098400089FD0122F7F76AF9304A314BF6F726FE17
:10985000304A314B4AE000273A460B460898F6F763
:1098600079FD3A4623460A910E9010461946F6F7BE
:1098700023FE2A463346F6F717FE0A9B0E9AF6F7A2
:1098800083FE05460E46059B049A07990698F6F74F
:109890007BFE00910490012228463146F7F73EF9FD
:1098A0001A4A1B4BF6F700FE0E46054601222146DA
:1098B0000898F7F733F9009B049AF6F7FDFD2A465E
:1098C0003346F6F7EBFD05460E46012238462146A3
:1098D000F7F724F90F4C174F22463B46F6F7E4FD05
:1098E0002A463346F6F7E0FD22463B46F6F7DCFD16
:1098F0000D9A002A00DD5DE70122D20751400FB02A
:10990000F0BD00000000F03F0000F07F075C143362
:1099100026A6913C182D4454FB21F93F0000E03F5E
:10992000CC050000E2050000580500006E050000AF
:109930003333EF3FFB21E93FF0B589B004460D46D4
:109940004800069172494008884215DB71498842F7
:1099500003DC884207D1002C05D020462946FFF7BA
:109960001FFA09B0F0BD6C48002D02DD6B4909B04B
:10997000F0BD6B4909B0F0BD6A49884211DA6A4905
:1099800088420BDA20462946FFF79EF9042801D1C8
:10999000FFF718FA2046294609B0F0BD0026F64325
:1099A0005DE06D0061496D08884232DA60498842A5
:1099B00019DA0026012332469B0720462946F6F78E
:1099C000C9FC07460191012220462946F7F7A6F86F
:1099D0000022584BF6F762FD3A46019BF6F7D4FD9C
:1099E00004460D463BE001260022524B2046294604
:1099F000F6F7B0FC0746009100224E4B2046294660
:109A0000F6F74CFD3A46009BF6F7BEFD04460D46C0
:109A100025E04949884219DA02260022474B2046B0
:109A20002946F6F749FD0022424BF6F793FC07461C
:109A300002910022414B20462946F6F72FFD3A4677
:109A4000029BF6F7A1FD04460D4608E003262246D8
:109A50002B4600203A49F6F797FD04460D4622466C
:109A60002B4610461946F6F727FD07460B460246D9
:109A70000191F6F721FD0246029032480B46039110
:109A800006217844FFF736F93A46019BF6F714FDB4
:109A900000902D48019105217844039B029AFFF71D
:109AA00029F9039B029AF6F707FD02460B46019936
:109AB0000098002E0BDAF6F74DFC22462B46F6F7FF
:109AC000FBFC22462B46F6F7EFFC09B0F0BDF6F79B
:109AD00041FC22462B46F6F7EFFC1C4AF6007A447E
:109AE00093191A685B68F6F7D9FC22462B46F6F7FD
:109AF000D5FC174A7A4493191A685B68F6F7D4FCC8
:109B0000069A002AE1DA0122D207514009B0F0BDDD
:109B1000000010440000F07F182D4454FB21F93F51
:109B2000FB21F9BF0000DC3F0000203E0000F33FB6
:109B30000000E63F0000F03F008003400000F83FD7
:109B40000000F0BF6A0300002C030000C602000002
:109B500090020000F0B51FB4039A029D53006E42BC
:109B60002E439446F40F5B084A00574E52081C439C
:109B70008E46B44205D847420743FC0F1443B44213
:109B800005D92A466346FFF710F905B0F0BD4F4EE0
:109B900066442E430AD0CC0F6646B61702273E40D5
:109BA000264304464A4F144304D00BE0FFF7C4FE9B
:109BB00005B0F0BD002EFBD0012EF9D0022E32D020
:109BC000032E34D01C462C430BD03F4CA34216D15D
:109BD000A2420AD1012189078B438A43114603938C
:109BE0000DE0704600280FDB25E03A4D7D44002E45
:109BF0000ED0012E10D0022E15D0032E17D0A24267
:109C00001DD17046002816DA3148334905B0F0BD41
:109C10006968286805B0F0BD01226968D207286824
:109C2000514005B0F0BD38462C4905B0F0BD38466E
:109C30002B4905B0F0BD26482A4905B0F0BDD21A1F
:109C400012153C2A02DD224D264C12E06346002B01
:109C500005DA3C23DA4202DA00252C4609E0039BB0
:109C6000029AF6F791FC49004908FFF765FE0546A0
:109C70000C46002E12D0012E0DD01B4A1B4B022E7B
:109C80002846214618D0F6F709FC3A46134BF6F75A
:109C900005FC05B0F0BD0120C0074440002213467A
:109CA00028462146F6F770FF02D10220FFF7A8F8F8
:109CB0002846214605B0F0BDF6F7F0FB3A46074BC3
:109CC000F6F7F2FB05B0F0BD0000F07F000010C019
:109CD000182D445430020000FB21F9BFFB2109403C
:109CE000FB2109C0FB21F93F075C143326A6A13CE8
:109CF000F8B506460C46F6F781FF051E0F4600D064
:109D00000120014349000B484908411AC90F0DD0F1
:109D1000002E01D0012100E000210C436100490820
:109D2000401AC00F02D10120FFF76AF828463946D1
:109D3000F8BD00000000F07F555555555555C53FFD
:109D40007D6FEB0312D6D4BF5544880E55C1C93F71
:109D50003B8F68B52882A4BF88B20175E0EF493F08
:109D600009F7FD0DE13D023F4B2D8A1C273A03C048
:109D7000C88A599CE52A004059018D1B6C06E6BF34
:109D800082922EB1C5B8B33F4FBB610567ACDD3FD2
:109D9000182D4454FB21E93F9BF681D20B73EF3F12
:109DA000182D4454FB21F93FE2652F227F2B7A3C8A
:109DB000075C143326A6813CBDCBF07A8807703C43
:109DC000075C143326A6913CC4EB98999999C9BFB6
:109DD000711623FEC671BCBF6D9A74AFF2B0B3BFEB
:109DE0009AFDDE522DDEADBF2F6C6A2C44B4A2BFAB
:109DF0000D5555555555D53FFF8300922449C23F17
:109E00006E204CC5CD45B73F513DD0A0660DB13F4A
:109E1000EB0D76244B7BA93F11DA22E33AAD903F5C
:109E20000000000000000000000000000000000032
:109E3000002F000000000700070000147F147F14AB
:109E400000242A7F2A120023130864620036495531
:109E5000225000000007000000001C22410000000A
:109E600041221C000014083E08140008083E08089F
:109E7000000000A0600000080808080800006060FA
:109E80000000002010080402003E5149453E000039
:109E9000427F4000004261514946002141454B311B
:109EA000001814127F10002745454539003C4A49E7
:109EB0004930000171090503003649494936000659
:109EC0004949291E000036360000000056360000C1
:109ED000000814224100001414141414000041223C
:109EE0001408000201510906003E4955592E007C14
:109EF0001211127C007F49494936003E41414122FE
:109F0000007F4141221C007F49494941007F0909E6
:109F10000901003E4149497A007F0808087F000096
:109F2000417F4100002040413F01007F0814224151
:109F3000007F40404040007F020C027F007F040809
:109F4000107F003E4141413E007F09090906003E65
:109F50004151215E007F091929460046494949318E
:109F60000001017F0101003F4040403F001F2040B1
:109F7000201F003F4038403F00631408146300076F
:109F80000870080700615149454300007F414100C6
:109F9000000204081020000041417F00000402017B
:109FA0000204004040404040000001020400002044
:109FB00054545478007F4844443800384444442082
:109FC00000384444487F00385454541800087E092F
:109FD00001020018A4A4A47C007F080404780000F7
:109FE000447D4000004080847D00007F10284400B4
:109FF0000000417F4000007C04180478007C0804C5
:10A00000047800384444443800FC24242418001800
:10A01000242418FC007C08040408004854545420EC
:10A0200000043F444020003C4040207C001C204075
:10A03000201C003C4030403C004428102844001CB8
:10A04000A0A0A07C004464544C440000087F410060
:10A050000000007F00000000417F080000080408A5
:10A0600010080000000000000000000000000000D8
:10A070000000000000F80000000000000033300085
:10A08000000000160E00160E000000000000000088
:10A09000000040C07840C0784000043F04043F0402
:10A0A0000400007088FC08300000001820FF211E0A
:10A0B0000000F008F000E018000000211C031E2141
:10A0C0001E0000F00888700000001E2123241927BC
:10A0D0002110000000160E0000000000000000002B
:10A0E0000000000000E01804020000000007182033
:10A0F000400000020418E0000000004020180700A3
:10A100000000404080F0804040000202010F010248
:10A110000200000000F0000000000101011F010129
:10A120000100000000000000000000B0700000000E
:10A13000000000000000000000000001010101011A
:10A1400001010000000000000000003030000000AD
:10A150000000000000008060180400601806010084
:10A16000000000E010080810E000000F1020201090
:10A170000F00001010F8000000000020203F2020F9
:10A180000000007008080888700000302824222190
:10A190003000003008888848300000182020201146
:10A1A0000E000000C02010F8000000070424243F27
:10A1B000240000F8088888080800001921202011D0
:10A1C0000E0000E0108888180000000F11202011F8
:10A1D0000E0000380808C83808000000003F0000E2
:10A1E00000000070880808887000001C22212122CD
:10A1F0001C0000E010080810E000000031222211CD
:10A200000F00000000C0C00000000000003030005F
:10A210000000000000C0C0000000000080B070001E
:10A220000000000080402010080000010204081017
:10A230002000404040404040400004040404040426
:10A2400004000008102040800000002010080402D4
:10A250000100007048080808F000000000303601D6
:10A260000000C030C828E810E00007182724231495
:10A270000B000000C038E0000000203C2302022751
:10A28000382008F8888888700000203F202020119E
:10A290000E00C030080808083800071820202010D9
:10A2A000080008F808080810E000203F20202010CF
:10A2B0000F0008F88888E8081000203F202023209D
:10A2C000180008F88888E8081000203F20000300E4
:10A2D0000000C03008080838000007182020221E9F
:10A2E000020008F808000008F808203F21010121B9
:10A2F0003F20000808F8080800000020203F202028
:10A30000000000000808F8080800C08080807F0076
:10A31000000008F888C028180800203F20012638CF
:10A32000200008F8080000000000203F2020202026
:10A33000300008F8F800F8F80800203F003F003F20
:10A34000200008F830C00008F808203F2000071857
:10A350003F00E01008080810E0000F102020201037
:10A360000F0008F808080808F000203F210101014B
:10A370000000E01008080810E0000F1824243850EE
:10A380004F0008F8888888887000203F2000030C60
:10A390003020007088080808380000382021212269
:10A3A0001C00180808F8080818000000203F2000CA
:10A3B000000008F808000008F808001F20202020EE
:10A3C0001F000878880000C83808000007380E0110
:10A3D0000000F80800F80008F800033C0700073CFC
:10A3E0000300081868808068180820302C03032CAC
:10A3F00030200838C800C83808000000203F20007E
:10A40000000010080808C83808002038262120203D
:10A410001800000000FE020202000000007F404021
:10A420004000000C30C000000000000000010638B1
:10A43000C00000020202FE000000004040407F0019
:10A440000000002010080408102000000000000098
:10A4500000000000000000000000808080808080FC
:10A4600080800002040800000000000000000000DE
:10A470000000000080808080000000192422222239
:10A480003F2008F8008080000000003F11202011CC
:10A490000E000000008080800000000E11202020AF
:10A4A0001100000000808088F800000E11202010AC
:10A4B0003F200000808080800000001F2222222296
:10A4C0001300008080F0888888180020203F20201A
:10A4D00000000000808080808000006B9494949342
:10A4E000600008F8008080800000203F21000020EC
:10A4F0003F2000809898000000000020203F20208E
:10A500000000000000809898000000C08080807FDC
:10A51000000008F8000080808000203F24022D30D9
:10A520002000000808F8000000000020203F202044
:10A5300000008080808080808000203F20003F20BD
:10A54000003F008080008080000000203F2100202C
:10A550003F200000808080800000001F20202020FD
:10A560001F00808000808000000080FFA12020115B
:10A570000E000000008080808000000E112020A0CE
:10A58000FF80808080008080800020203F2120008C
:10A590000100000080808080800000332424242477
:10A5A0001900008080E0808000000000001F202053
:10A5B00000008080000000808000001F202020100C
:10A5C0003F20808080000080808000010E300806DF
:10A5D000010080800080008080800F300C030C30F0
:10A5E0000F0000808000808080000020312E0E311E
:10A5F0002000808080000080808080818E7018061E
:10A60000010000808080808080000021302C222189
:10A61000300000000000807C020200000000003FCB
:10A62000404000000000FF00000000000000FF00AC
:10A6300000000002027C800000000040403F00005B
:10A640000000008040408000008000000000000109
:10A650000100000070000000002400000002000360
:10A66000000000650054FFEF0000FA80000B12822A
:10A670000001030C30C30E8C8CE914D54002137119
:10A680000F8E3883F8833000F883258EF8833000EE
:10A69000F883FFFFFFFF0FFEA9D6240004001A82F3
:10A6A00079A10000003CFFFF00000010000038838B
:10A6B0006FA2003E03304000000002CAE3093E8062
:10A6C00000002000000000000000400000006000CA
:10A6D0000000000C0000000C186E000006920A1624
:10A6E000C0DFFFFF0256FD8CD377FFE1C496E0C5C3
:10A6F000BEAA00000000FFFF0B2B00001657000051
:10A7000003594000000000001DFA00026C1D00000B
:10A7100000003FFFDFEB003EB3B6000D22780000E3
:10A720002F3C00000000001942B5000039A20000D3
:10A73000B365D90E9FC91DCF4C34300000005000C6
:10A7400000003BB67AE80064000000C8000000008A
:10A750000000100000001000FA921000225E000DB0
:10A76000229F0001000000320000FF46000063D479
:10A7700000001000000004D6000004CC000004CC4F
:10A780000000000010720000004000000000000007
:10A790000000000600020005000700000000006441
:10A7A000000000000000000000050005006400201B
:10A7B0000000000000000000000000004000000059
:10A7C000030000000032F8980000FF650000830FCE
:10A7D0000000FF9BFC0000000000000000000000E3
:10A7E0000000000000000000000000000000000069
:10A7F0000000000000000000000000000000000059
:10A80000100040000000000000060000B26A0002D4
:10A8100000000001FB830068000000D9FC007CF10F
:10A82000FF830000000000650000006403E800648E
:10A830000028000000250000000016A00000000015
:10A84000100000001000002F0000000001F40000C4
:10A85000100000280000FFFF4581FFFFFA72000092
:10A86000000000000000004400050005BAC60047D3
:10A8700078A20000000100000000000006000000B7
:10A8800000140000254D002F706D000005AE000C77
:10A8900002D00000000000000000000000000000E6
:10A8A0000000001B0000000000000000000000008D
:10A8B000000000640000000800000000000000002C
:10A8C0000000000000000000000000000000000088
:10A8D0000000000000000000000000000000000078
:10A8E0000000000000000000000000000000000068
:10A8F0000000000000000000000000000000000058
:10A900000000000000000000000000000000000047
:10A910000000001B00000000000000000000000E0E
:10A92000000E00000AC70004000000000032FFFF14
:10A93000FF9C00000B2B0000000200000001000043
:10A940000064FFE5000000000000000000000000BF
:10A9500000000000000100000000000100000000F5
:10A960000000000180000001800000018000002440
:10A9700026D3000000000000000000060010009632
:10A98000003C00000000000000000000000000008B
:10A9900000000C0A4E68CDCF770950166759C619CA
:10A9A000CE82000000000000000000000000000057
:10A9B0000000000000000000000017D78400030022
:10A9C00000000000000000000000C7938F9D1E1BC8
:10A9D0001C19000000000000000000000000000042
:10A9E00000000000000000000000020318850000C5
:10A9F0004000000000030000000300000000000011
:10AA00000000400000000000000000000000000006
:10AA10000000000000000000000000000000000036
:10AA20000000000000000000000000000000000026
:10AA3000000000000000677DDF7E72902E554CF60E
:10AA4000E688000000000000000000000000000098
:10AA50000000D8DCB4B8B0D8B9ABF3F8FAB3B7BBE0
:10AA60008E9EAEF132F51BF1B4B8B08097F1A9DF3C
:10AA7000DFDFAADFDFDFF2AAC5CDC7A90CC92C979B
:10AA8000F1A989264666B28999A92D557DB0B08A6B
:10AA9000A896365676F1BAA3B4B280C0B8A897117A
:10AAA000B28398BAA3F0240844106418B2B9B498D9
:10AAB00083F1A329557DBAB5B1A38393F000285043
:10AAC000F5B2B6AA839328547CF1B9A3829361BAF4
:10AAD000A2DADEDFDB819AB9AEF5606870F1DABA2E
:10AAE000A2DFD9BAA2FAB9A38292DB31BAA2D9BA4B
:10AAF000A2F8DF85A4D0C1BBAD83C2C5C7B8A2DFB1
:10AB0000DFDFBAA0DFDFDFD8D8F1B8AAB38DB49801
:10AB10000D355DB2B6BAAF8C96198F9FA70E161E73
:10AB2000B49AB8AA872C547CBAA4B08AB69132568B
:10AB300076B28494A4C808CDD8B8B4B0F19982A8EC
:10AB40002D557D98A80E161EA22C547C92A4F02C94
:10AB50005078F184A898C4CDFCD80DDBA8FC2DF367
:10AB6000D9BAA6F8DABAA6DED8BAB2B68696A6D010
:10AB7000F3C841DAA6C8F8D8B0B4B882A892F52CC8
:10AB8000548898F135D9F418D8F1A2D0F8F9A884EE
:10AB9000D9C7DFF8F883C5DADF69DF83C1D8F401EC
:10ABA00014F1A8824EA884F311D182F5D992289786
:10ABB00088F109F41C1CD884A8F3C0F9D1D9978274
:10ABC000F129F40DD8F3F9F9D1D982F4C203D8DE12
:10ABD000DF1AD8F1A2FAF9A88498D9C7DFF8F8F8F3
:10ABE00083C7DADF69DFF883C3D8F40114F198A8CA
:10ABF000822EA884F311D182F5D992509788F10959
:10AC0000F41CD884A8F3C0F8F9D1D99782F149F49B
:10AC10000DD8F3F9F9D1D982F4C403D8DEDFD8F125
:10AC2000AD8898CCA809F9D98292A8F57CF1883A28
:10AC3000CF944A6E98DB6931DAADF2DEF9D88795A8
:10AC4000A8F221D1DAA5F9F417D9F1AE8ED0C0C39C
:10AC5000AE82C684C3A88595C8A588F2C0F1F40168
:10AC60000EF18E9EA8C63E56F554F18872F4011579
:10AC7000F19845856EF58E9E0488F142985A8E9E15
:10AC8000068869F4011CF1981E1108D0F504F11E24
:10AC9000970202983625DBF9D985A5F3C1DA85A597
:10ACA000F3DFD88595A8F309DAA5FAD88292A8F53A
:10ACB00078F1881A849F26889821DAF41DF3D887C2
:10ACC0009F39D1AFD9DFDFFBF9F40CF3D8FAD0F814
:10ACD000DAF9F9D0DFD9F9D8F40BD8F3879F39D155
:10ACE000AFD9DFDFF41DF3D8FAFCA869F9F9AFD0CA
:10ACF000DADEFAD9F88F9FA8F1CCF398DB45D9AF0B
:10AD0000DFD0F8D8F18F9FA8CAF38809DAAF8FCBCC
:10AD1000F8D8F2AD978D0CD9A5DFF9BAA6F3FAF4FD
:10AD200012F2D8950DD1D9BAA6F3FADAA5F2C1BAC2
:10AD3000A6F3DFD8F1BAB2B68696A6D0CAF349DA3E
:10AD4000A6CBF8D8B0B4B8D8AD84F2C0DFF18FCBC1
:10AD5000C3A8B2B68696C8C1CBC3F3B0B48898A8CE
:10AD600021DB718D9D71859521D9ADF2FAD885973A
:10AD7000A828D9F408D8F28D29DAF405D9F285A4E7
:10AD8000C2F2D8A88D9401D1D9F411F2D88721D874
:10AD9000F40AD8F28498A8C801D1D9F411D8F3A440
:10ADA000C8BBAFD0F2DEF8F8F8F8F8F8F8F8D8F148
:10ADB000B8F6B5B9B08A95A3DE3CA3D9F8D85CA3A0
:10ADC000D9F8D87CA3D9F8D8F8F9D1A5D9DFDAFA1F
:10ADD000D8B18530F7D9DED8F830ADDADED8F2B4A4
:10ADE0008C99A32D557DA083DFDFDFB591A0F629D7
:10ADF000D9FBD8A0FC29D9FAD8A0D051D9F8D8FCD1
:10AE000051D9F9D879D9FBD8A0D0FC79D9FAD8A1F1
:10AE1000F9F9F9F9F9A0DADFDFDFD8A1F8F8F8F8E5
:10AE2000F8ACDEF8ADDE8393AC2C547CF1A8DFDF08
:10AE3000DFF69D2CDAA0DFD9FADB2DF8D8A850DA9E
:10AE4000A0D0DED9D0F8F8F8DB55F8D8A878DAA089
:10AE5000D0DFD9D0FAF8F8F8F8DB7DF8D89CA88CC8
:10AE6000F530DB38D9D0DEDFA0D0DEDFD8A848DB74
:10AE700058D9DFD0DEA0DFD0DED8A868DB70D9DFFC
:10AE8000DFA0DFDFD8F1A888902C547C98A8D05C94
:10AE900038D1DAF2AE8CDFF9D8B087A8C1C1B18859
:10AEA000A8C6F9F9DA36D8A8F9DA36D8A8F9DA3620
:10AEB000D8A8F9DA36D8A8F9DA36D8F78D9DADF8E2
:10AEC00018DAF2AEDFD8F7ADFA30D9A4DEF9D8F24D
:10AED000AEDEFAF983A7D9C3C5C7F1889BA77AADBF
:10AEE000F7DEDFA4F8849408A797F300AEF2981970
:10AEF000A488C6A39488F632DFF28393DB09D9F2E3
:10AF0000AADFD8D8AEF8F9D1DAF3A4DEA7F1889B8E
:10AF10007AD8F38494AE19F9DAAAF1DFD8A881C0FF
:10AF2000C3C5C7A39283F628ADDED9F8D8A350AD28
:10AF3000D9F8D8A378ADD9F8D8F8F9D1A1DADEC319
:10AF4000C5C7D8A18194F818F2B089ACC3C5C7F1C0
:10AF5000D8B8B4B09786A8319B069907AB972888D4
:10AF60009BF00C201440B0B4B8F0A88A9A2850780E
:10AF7000B79BA8295179247059446938644831F144
:10AF8000BBAB88002C547CF0B38BB8A80428507855
:10AF9000F1B088B49726A85998BBABB38B0226466C
:10AFA00066B0B8F08A9CA82951798B2951798A24F6
:10AFB00070598B2058718A4469388B3940688A648B
:10AFC00048318B30496088F1AC002C547CF08CA85F
:10AFD00004285078F1889726A85998AC8C02264608
:10AFE00066F0899CA82951792470594469386448CD
:10AFF00031A98809205970AB11384069A819314826
:10B00000608CA83C415C207C00F187981986A86E72
:10B01000767EA999882D557DD8B1B5B9A3DFDFDF3C
:10B02000AED0DFAAD0DEF2ABF8F9D9B087C4AAF16E
:10B03000DFDFBBAFDFDFB9D8B1F1A3978E60DFB040
:10B0400084F2C8F8F9D9DED89385F14AB183A30810
:10B05000B5839A0810B79F10D8F1B0BAAEB08AC2C3
:10B06000B2B68E9EF1FBD9F41DD8F9D90CF1D8F8FF
:10B07000F8AD61D9AEFBD8F40CF1D8F8F8AD19D918
:10B08000AEFBDFD8F416F1D8F8AD8D61D9F4F4AC8D
:10B09000F59C9C8DDF2BBAB6AEFAF8F40BD8F1AE66
:10B0A000D0F8AD51DAAEFAF8F1D8B9B1B6A3839CB5
:10B0B00008B9B1839AB5AAC0FD3083B79F10B58B8C
:10B0C00093F20202D1ABDADED8F1B080BAABC0C3E2
:10B0D000B284C1C3D8B1B9F38BA391B609B4D9ABCB
:10B0E000DEB0879CB9A3DDF1B38B8B8B8B8BB087E4
:10B0F000A3A3A3A3B28BB69BF2A3A3A3A3A3A3A3CF
:10B10000A3A3A3F1B087B59AA3F39BA3A3DCBAAC26
:10B11000DFB9A3A3A3A3A3A3A3A3A3A3A3A3A3A3AD
:10B12000A3A3D8D8D8BBB3B7F1AAF9DAFFD9809ACC
:10B13000AA28B48098A720B79787A86688F0795185
:10B14000F1902C870CA781976293F07171608594C0
:10B150000129517990A5F1284C6C870C95188578B8
:10B16000A38390284C6C886CD8F3A28200F210A8BC
:10B17000921980A2F2D926D8F188A84DD948D8963C
:10B18000A83980D93CD89580A839A68698D92CDAD8
:10B1900087A72CD8A8899519A980D938D8A8893922
:10B1A000A980DA3CD8A82EA83990D90CD8A8953116
:10B1B00098D90CD8A809D9FFD801DAFFD89539A9B0
:10B1C000DA26FFD890A80D8999A810809821DA2E48
:10B1D000D88999A83180DA2ED8A886963180DA2EBF
:10B1E000D8A8873180DA2ED8A88292F34180F1D98D
:10B1F0002ED8A882F31980F1D92ED882ACF3C0A240
:10B200008022F1A62EA72EA92298A829DAACDEFF6B
:10B21000D8A2F22AF1A92E8292A8F23180A696F144
:10B22000D900AC8C9C0C30ACDED0DEFFD88C9CAC52
:10B23000D010ACDE8092A2F24C82A8F1CAF235F1B5
:10B240009688A6D900D8F1FF000600000000000390
:10B25000080008000000030803090000E8030000DC
:10B260002001000008076300E8030000100100004F
:10B2700008036300E8030000100100000800040058
:10B2800000000000071000000100000000000000A6
:10B29000000000004000000000000000000000006E
:10B2A0000201000001000000000000003400C44161
:10B2B0000800C70002000000B70B000000000000FB
:10B2C00000000000000000000800C70002000000AD
:10B2D0009F0F0000000000000000000000000000C0
:10B2E0000807630002000000F301000000000000F6
:10B2F000000000000000000008000000180000002E
:10B30000003000006800000476005401F7FD0001E1
:10B3100075191A0C6A231B1C1F207274433B413899
:10B32000393A6B6C376F06246D6E7052504553532B
:10B33000204B59453000457874656E642031004ECD
:10B340006F726D616C203100457874656E642032D7
:10B35000004E6F726D616C203200457874656E64CA
:10B360002033004E6F726D616C2033004B65793075
:10B370003A4C004B6579313A4C0043414C494252BA
:10B380004154494F4E004B6579303A53004B657933
:10B39000313A53005941573A25322E3166004E75E5
:10B3A0006D3A252E31750050524553535F4B455928
:10B3B000300050524553535F4B455931005345546B
:10B3C0005F5748495445005345545F424C41434BF5
:10B3D00000646D705F6C6F61645F6D6F74696F6E38
:10B3E0005F6472697665725F6669726D77617265B6
:10B3F00020636F6D706C657465202E2E2E2E2E2EA0
:10B400000D0A00646D705F656E61626C655F6665F4
:10B41000617475726520636F6D706C657465202E44
:10B420002E2E2E2E2E0D0A006D70755F7365745FC3
:10B4300073616D706C655F7261746520636F6D70B0
:10B440006C657465202E2E2E2E2E2E0D0A00646D36
:10B45000705F7365745F6669666F5F7261746520A3
:10B46000636F6D706C657465202E2E2E2E2E2E0D42
:10B470000A006D70755F7365745F646D705F7374DF
:10B4800061746520636F6D706C657465202E2E2E5F
:10B490002E2E2E0D0A00646D705F7365745F6F72DF
:10B4A00069656E746174696F6E20636F6D706C6531
:10B4B0007465202E2E2E2E2E2E0D0A006D70755FB7
:10B4C000636F6E6669677572655F6669666F206334
:10B4D0006F6D706C657465202E2E2E2E2E2E0D0A2B
:10B4E000006D70755F7365745F73656E736F722046
:10B4F000636F6D706C657465202E2E2E2E2E2E0DB2
:10B500000A0000008300000000080000000100188D
:10B5100032000500000020410000D242295C0F3EAD
:10B520009A99993E3333733F295C0F3E50B5000022
:10B530000000202088000000D88D0000D8B5000051
:10B540008800202060190000F08D0000000000003D
:10B550000000000000000000A1210000CF2000003A
:10B56000B920000035210000E52000008D210000F9
:10B570005F005C0059005F008E005D005F004300CB
:10B58000FF000000FF000000010000000000803FFD
:10B59000080020200800202010B3000004B30000A1
:10B5A000000000000000000000000000000000009B
:10B5B000000000000000000000000000000000008B
:10B5C00004B50000E80A540A6F06AD09160A6405BE
:08B5D0006604420400000000C3
:04000005000000C136
:00000001FF
